WeatherDelay,AWND,PCRP,SNOW,AVGT,CMPND
0,4.7,0,0,6.4,0
55,3,46.2,0,23.4,3243.24
70,3.6,10.2,0,26.3,965.736
0,3.9,0,0,-2.1,0
0,5.4,0,0,-2.8,0
139,2.1,2,0,27.4,115.08
81,3.5,53.3,0,25.3,4719.715
0,2.9,4.8,0,3.6,50.112
0,2.5,0,0,6.7,0
0,4.5,0,0,-2.8,0
0,6.4,0,0,-4.8,0
40,3.8,7.4,0,20.3,570.836
0,4.7,0,0,6.4,0
49,1.7,12.7,163,-0.3,156.523
94,2.5,29.2,0,24.4,1781.2
0,5.4,0,0,-2.8,0
0,2.5,0,0,6.7,0
0,4.5,0,0,-3.6,0
202,3,46.2,0,23.4,3243.24
0,4.7,0,0,6.4,0
0,2.5,0,0,6.7,0
53,4.7,24.6,0,18.5,2138.97
0,6.4,0,0,-4.8,0
0,5.4,0,0,-2.8,0
0,6.4,0,0,-4.8,0
0,2.5,0,0,6.7,0
0,4.7,0,0,6.4,0
0,6.4,0,0,-4.8,0
0,5.2,0,0,-2.9,0
0,2.5,0,0,6.7,0
59,3.5,53.3,0,25.3,4719.715
40,7.2,3.8,0,26.5,725.04
30,4.6,3,43,-6.4,-45.32
47,3.6,10.2,0,26.3,965.736
0,2.5,0,0,6.7,0
0,5.4,0,0,-2.8,0
71,2.2,10.9,0,24.3,582.714
0,6.4,0,0,-4.8,0
45,2.9,3.6,0,25.7,268.308
0,4.5,0,0,-3.6,0
0,4.7,0,0,6.4,0
0,4.7,0,0,6.4,0
130,4.6,1.8,0,25.3,209.484
26,5.2,0,0,-2.9,0
0,4.7,0,0,6.4,0
0,2.5,0,0,6.7,0
53,7.6,4.8,0,8.4,306.432
0,2.5,0,0,6.7,0
83,3,28.2,0,29.2,2470.32
0,3.9,0,0,-2.1,0
51,6.5,81.3,0,28.3,14955.135
0,5.2,0,0,-2.9,0
0,3.7,0,0,8.7,0
66,5.9,0,0,16.3,0
77,10.3,10.7,0,21.8,2402.578
0,4.5,0,0,-3.6,0
0,6.4,0,0,-4.8,0
0,3.3,0.3,0,2.2,2.178
55,4.7,24.6,0,18.5,2138.97
0,4.7,0,0,6.4,0
163,3,4.8,0,14.6,210.24
83,10.3,10.7,0,21.8,2402.578
16,4.5,0,0,-2.8,0
0,2.5,0,0,6.7,0
39,4.7,20.8,0,33.7,3294.512
0,4.5,0,0,-2.8,0
0,5.2,0,0,-2.9,0
38,2.5,29.2,0,24.4,1781.2
0,4.5,0,0,-2.8,0
74,3,28.2,0,29.2,2470.32
0,3.3,0.3,0,2.2,2.178
40,4.6,1.8,0,25.3,209.484
0,4.7,0,0,6.4,0
0,4.5,0,0,-2.8,0
0,3.7,0,0,8.7,0
101,4.2,29.5,0,25.4,3147.06
0,5.4,0,0,-2.8,0
0,2.5,0,0,6.7,0
72,4.7,20.8,0,33.7,3294.512
0,2.5,0,0,6.7,0
0,3.9,0,0,-2.1,0
30,3.5,2.5,0,-0.8,-7
106,3,46.2,0,23.4,3243.24
0,3.7,0,0,8.7,0
0,5.2,0,0,-2.9,0
0,4.5,0,0,-2.8,0
110,3,28.2,0,29.2,2470.32
0,5.2,0,0,-2.9,0
32,5.8,0,0,3.1,0
0,3.7,0,0,8.7,0
0,3.7,0,0,8.7,0
0,3.3,0.3,0,2.2,2.178
41,2.6,16.8,0,24.9,1087.632
170,3.5,53.3,0,25.3,4719.715
0,2.5,0,0,6.7,0
56,3.6,0,0,28.7,0
31,4.7,24.6,0,18.5,2138.97
43,4.9,0,0,22.2,0
0,5.4,0,0,-2.8,0
0,6.4,0,0,-4.8,0
0,3.9,0,0,-2.1,0
0,2.5,0,0,6.7,0
174,3.5,53.3,0,25.3,4719.715
421,3.7,0,0,21.7,0
0,5.4,0,0,-2.8,0
0,6.4,0,0,-4.8,0
72,4.7,20.8,0,33.7,3294.512
0,2.5,0,0,6.7,0
37,3.1,0.3,0,26.2,24.366
0,3.9,0,0,-2.1,0
85,3.6,0,0,30.7,0
0,4.7,0,0,6.4,0
75,1.7,12.7,163,-0.3,156.523
0,4.5,0,0,-3.6,0
0,5.2,0,0,-2.9,0
0,6.4,0,0,-4.8,0
0,3.9,0,0,-2.1,0
0,2.5,0,0,6.7,0
53,8,4.1,0,27.2,892.16
146,7.8,18.5,0,26.1,3766.23
96,3.4,3,0,28,285.6
0,2.5,0,0,6.7,0
0,4.5,0,0,-3.6,0
32,2.6,0,0,31.4,0
0,3.3,0.3,0,2.2,2.178
55,3.4,3,0,28,285.6
0,4.7,0,0,6.4,0
36,4.9,0,0,22.2,0
183,7.2,3.8,0,26.5,725.04
0,3.7,0,0,8.7,0
52,3.1,19.1,0,24.9,1474.329
40,3.7,14.2,0,22.6,1187.404
0,2.5,0,0,6.7,0
30,4.2,0,3,-14.1,3
31,5.9,0,0,16.3,0
41,3.4,3,0,28,285.6
57,3,14,0,21.2,890.4
48,4.9,0,0,22.2,0
50,2.2,10.9,0,24.3,582.714
0,5.4,0,0,-2.8,0
0,3.3,0.3,0,2.2,2.178
0,4.7,0,0,6.4,0
0,5.4,0,0,-2.8,0
0,4.5,0,0,-3.6,0
140,8,4.1,0,27.2,892.16
55,4.2,29.5,0,25.4,3147.06
105,3.5,53.3,0,25.3,4719.715
53,6.9,20.6,0,20.1,2857.014
0,3.7,0,0,8.7,0
39,2.1,2,0,27.4,115.08
0,2.5,0,0,6.7,0
0,2.9,4.8,0,3.6,50.112
0,4.7,0,0,6.4,0
0,5.4,0,0,-2.8,0
0,3.7,0,0,8.7,0
0,4.7,0,0,6.4,0
0,5.2,0,0,-2.9,0
0,3.9,0,0,-2.1,0
215,4.7,0.5,10,-4.6,-0.81
0,4.5,0,0,-2.8,0
0,3.9,0,0,-2.1,0
34,3,46.2,0,23.4,3243.24
0,2.5,0,0,6.7,0
0,6.4,0,0,-4.8,0
172,4.9,0,0,22.2,0
74,6.5,81.3,0,28.3,14955.135
0,5.2,0,0,-2.9,0
0,2.5,0,0,6.7,0
33,2.9,3.6,0,25.7,268.308
0,5.2,0,0,-2.9,0
0,5.2,0,0,-2.9,0
0,3.7,0,0,8.7,0
0,4.5,0,0,-2.8,0
80,5.6,2,0,20.6,230.72
43,1.7,12.7,163,-0.3,156.523
53,1.7,12.7,163,-0.3,156.523
78,5.1,21.3,0,28.6,3106.818
48,5.3,9.7,0,28.7,1475.467
0,2.5,0,0,6.7,0
0,3.3,0.3,0,2.2,2.178
0,5.4,0,0,-2.8,0
95,4.2,10.9,0,29.7,1359.666
0,5.2,0,0,-2.9,0
0,4.7,0,0,6.4,0
15,4.5,0,0,-2.8,0
0,4.7,0,0,6.4,0
75,5.1,21.3,0,28.6,3106.818
35,5.1,0.8,0,29.8,121.584
0,3.7,0,0,8.7,0
180,4.6,1.8,0,25.3,209.484
0,5.2,0,0,-2.9,0
0,4.7,0,0,6.4,0
40,3.1,19.1,0,24.9,1474.329
43,2,0,0,21.9,0
0,3.9,0,0,-2.1,0
0,4.5,0,0,-2.8,0
51,5.1,0.8,0,29.8,121.584
208,5.1,21.3,0,28.6,3106.818
0,5.2,0,0,-2.9,0
0,5.2,0,0,-2.9,0
0,4.7,0,0,6.4,0
0,4.5,0,0,-2.8,0
54,8,4.1,0,27.2,892.16
0,3.7,0,0,8.7,0
53,5.9,0,0,16.3,0
0,2.9,4.8,0,3.6,50.112
0,4.7,0,0,6.4,0
56,3.6,10.2,0,26.3,965.736
0,3.7,0,0,8.7,0
144,2.8,24.4,0,26.6,1817.312
21,5.2,0,0,-2.9,0
142,4.2,29.5,0,25.4,3147.06
0,3.7,0,0,8.7,0
33,1.7,12.7,163,-0.3,156.523
0,6.4,0,0,-4.8,0
39,8,4.1,0,27.2,892.16
0,6.4,0,0,-4.8,0
45,4.7,20.8,0,33.7,3294.512
38,7.2,3.8,0,26.5,725.04
0,5.4,0,0,-2.8,0
45,7.6,2.5,25,-2.1,-14.9
0,5.4,0,0,-2.8,0
0,3.9,0,0,-2.1,0
38,4.6,3,43,-6.4,-45.32
66,3.6,10.2,0,26.3,965.736
0,5.4,0,0,-2.8,0
6,5.2,0,0,-2.9,0
35,4.2,3.3,30,-11.3,-126.618
46,5.1,21.3,0,28.6,3106.818
150,5.2,23.9,0,25.8,3206.424
272,4.2,29.5,0,25.4,3147.06
106,4.2,10.9,0,29.7,1359.666
0,5.2,0,0,-2.9,0
0,4.5,0,0,-3.6,0
0,4.5,0,0,-3.6,0
88,3.4,3,0,28,285.6
0,5.4,0,0,-2.8,0
178,4.2,10.9,0,29.7,1359.666
0,4.5,0,0,-3.6,0
0,4.7,0,0,6.4,0
0,2.9,4.8,0,3.6,50.112
0,2.5,0,0,6.7,0
118,6.5,81.3,0,28.3,14955.135
0,3.9,0,0,-2.1,0
0,4.5,0,0,-2.8,0
0,4.5,0,0,-2.8,0
71,4.7,24.6,0,18.5,2138.97
45,3.9,0,0,22.3,0
0,6.4,0,0,-4.8,0
0,2.9,4.8,0,3.6,50.112
0,2.9,4.8,0,3.6,50.112
0,5.2,0,0,-2.9,0
0,4.7,0,0,6.4,0
41,8,4.1,0,27.2,892.16
39,3.6,10.2,0,26.3,965.736
0,3.9,0,0,-2.1,0
0,2.9,4.8,0,3.6,50.112
0,3.7,0,0,8.7,0
0,4.7,0,0,6.4,0
120,3,46.2,0,23.4,3243.24
0,3.7,0,0,8.7,0
0,4.5,0,0,-2.8,0
33,3.1,19.1,0,24.9,1474.329
0,5.4,0,0,-2.8,0
77,3,46.2,0,23.4,3243.24
64,7.6,4.8,0,8.4,306.432
74,8,4.1,0,27.2,892.16
102,2.9,0,0,30.1,0
52,3,46.2,0,23.4,3243.24
56,4.6,1.8,0,25.3,209.484
0,6.4,0,0,-4.8,0
34,8.4,0,0,16,0
33,3,0.3,3,-6.3,-2.67
92,3,46.2,0,23.4,3243.24
98,3,28.2,0,29.2,2470.32
195,4.2,29.5,0,25.4,3147.06
0,2.5,0,0,6.7,0
57,2.9,3.6,0,25.7,268.308
90,3,28.2,0,29.2,2470.32
47,5.7,40.6,0,20.2,4674.684
0,6.4,0,0,-4.8,0
36,4.3,2.8,79,-14.9,-100.396
45,3.6,10.2,0,26.3,965.736
0,3.3,0.3,0,2.2,2.178
0,6.4,0,0,-4.8,0
91,5.9,0,0,16.3,0
30,3,0.3,3,-6.3,-2.67
0,2.5,0,0,6.7,0
0,4.7,0,0,6.4,0
0,2.5,0,0,6.7,0
55,3.7,14.2,0,22.6,1187.404
0,5.2,0,0,-2.9,0
0,4.7,0,0,6.4,0
0,3.7,0,0,8.7,0
39,2.5,29.2,0,24.4,1781.2
32,2.9,3.6,0,25.7,268.308
0,2.5,0,0,6.7,0
102,2.9,3.6,0,25.7,268.308
43,3.1,19.1,0,24.9,1474.329
44,2.6,0,0,31.4,0
0,2.5,0,0,6.7,0
0,3.9,0,0,-2.1,0
0,4.7,0,0,6.4,0
0,3.7,0,0,8.7,0
655,3.7,14.2,0,22.6,1187.404
0,6.4,0,0,-4.8,0
0,5.4,0,0,-2.8,0
0,4.5,0,0,-3.6,0
0,2.5,0,0,6.7,0
0,3.9,0,0,-2.1,0
0,4.5,0,0,-3.6,0
0,4.5,0,0,-3.6,0
45,3,0.8,0,31.4,75.36
64,10.3,10.7,0,21.8,2402.578
0,4.5,0,0,-2.8,0
30,4.2,3.3,30,-11.3,-126.618
0,5.2,0,0,-2.9,0
44,5.3,0,0,16.2,0
44,2.6,0,0,31.4,0
0,3.7,0,0,8.7,0
0,3.9,0,0,-2.1,0
45,7.1,3,0,22.6,481.38
0,6.4,0,0,-4.8,0
71,4.2,10.9,0,29.7,1359.666
0,3.9,0,0,-2.1,0
0,2.5,0,0,6.7,0
145,4.2,29.5,0,25.4,3147.06
52,2.3,0,0,22.2,0
0,4.7,0,0,6.4,0
0,3.7,0,0,8.7,0
115,7.8,18.5,0,26.1,3766.23
59,3.1,19.1,0,24.9,1474.329
0,5.2,0,0,-2.9,0
0,4.5,0,0,-3.6,0
0,2.5,0,0,6.7,0
162,2.6,16.8,0,24.9,1087.632
124,5.2,23.9,0,25.8,3206.424
0,3.7,0,0,8.7,0
0,3.9,0,0,-2.1,0
0,3.9,0,0,-2.1,0
100,5.7,40.6,0,20.2,4674.684
0,5.2,0,0,-2.9,0
134,5.1,0.8,0,29.8,121.584
71,5.9,0,0,16.3,0
0,5.4,0,0,-2.8,0
58,2.6,0,0,31.4,0
32,6.9,20.6,0,20.1,2857.014
0,5.4,0,0,-2.8,0
125,3,46.2,0,23.4,3243.24
40,2.1,1,10,-2.5,4.75
0,4.5,0,0,-2.8,0
42,6.9,20.6,0,20.1,2857.014
58,3,17,0,23.9,1218.9
41,4.6,3,43,-6.4,-45.32
0,4.7,0,0,6.4,0
0,3.3,0.3,0,2.2,2.178
40,6.2,23.4,0,22.2,3220.776
0,3.3,0.3,0,2.2,2.178
0,3.7,0,0,8.7,0
31,4.7,0.5,10,-4.6,-0.81
0,4.5,0,0,-2.8,0
46,2.1,2,0,27.4,115.08
0,6.4,0,0,-4.8,0
0,3.9,0,0,-2.1,0
34,3,0.3,3,-6.3,-2.67
0,4.5,0,0,-3.6,0
52,7.6,4.8,0,8.4,306.432
0,5.2,0,0,-2.9,0
33,4.7,24.6,0,18.5,2138.97
0,4.5,0,0,-2.8,0
0,3.7,0,0,8.7,0
0,2.5,0,0,6.7,0
35,5.2,0,0,-2.9,0
0,5.4,0,0,-2.8,0
54,7.6,4.8,0,8.4,306.432
0,5.4,0,0,-2.8,0
55,4.7,20.8,0,33.7,3294.512
0,5.4,0,0,-2.8,0
0,5.2,0,0,-2.9,0
0,4.5,0,0,-3.6,0
0,6.4,0,0,-4.8,0
36,3,8.9,0,31.3,835.71
0,2.5,0,0,6.7,0
40,7.1,3,0,22.6,481.38
0,3.7,0,0,8.7,0
0,3.7,0,0,8.7,0
0,5.2,0,0,-2.9,0
0,4.7,0,0,6.4,0
51,5.1,0.8,0,29.8,121.584
0,6.4,0,0,-4.8,0
210,5.1,21.3,0,28.6,3106.818
74,4.7,24.6,0,18.5,2138.97
0,4.7,0,0,6.4,0
41,2.6,16.8,0,24.9,1087.632
59,7.6,4.8,0,8.4,306.432
0,3.9,0,0,-2.1,0
35,3,8.9,0,31.3,835.71
46,7.6,0,0,-4.6,0
0,3.3,0.3,0,2.2,2.178
0,4.7,0,0,6.4,0
0,4.5,0,0,-3.6,0
0,5.4,0,0,-2.8,0
55,3.7,14.2,0,22.6,1187.404
0,5.4,0,0,-2.8,0
0,4.5,0,0,-2.8,0
0,3.9,0,0,-2.1,0
52,5.1,21.3,0,28.6,3106.818
20,5.2,0,0,-2.9,0
39,1.7,12.7,163,-0.3,156.523
0,4.7,0,0,6.4,0
0,3.9,0,0,-2.1,0
0,3.7,0,0,8.7,0
85,7.2,3.8,0,26.5,725.04
31,4.6,3,43,-6.4,-45.32
48,4,22.1,0,25.2,2227.68
0,2.5,0,0,6.7,0
0,3.9,0,0,-2.1,0
0,4.7,0,0,6.4,0
85,2.2,10.9,0,24.3,582.714
0,3.7,0,0,8.7,0
0,4.7,0,0,6.4,0
90,1.7,12.7,163,-0.3,156.523
76,3.5,33.3,0,22.1,2575.755
0,3.9,0,0,-2.1,0
31,3.4,3,0,28,285.6
0,3.3,0.3,0,2.2,2.178
45,2.4,0,0,15,0
0,6.4,0,0,-4.8,0
0,5.2,0,0,-2.9,0
0,4.5,0,0,-2.8,0
0,5.4,0,0,-2.8,0
0,5.2,0,0,-2.9,0
0,4.7,0,0,6.4,0
0,4.7,0,0,6.4,0
78,4.6,1.8,0,25.3,209.484
0,2.5,0,0,6.7,0
144,3.5,53.3,0,25.3,4719.715
0,4.7,0,0,6.4,0
0,2.5,0,0,6.7,0
68,2.5,29.2,0,24.4,1781.2
45,1.7,12.7,163,-0.3,156.523
0,3.3,0.3,0,2.2,2.178
0,3.7,0,0,8.7,0
33,3.5,53.3,0,25.3,4719.715
0,2.9,4.8,0,3.6,50.112
0,4.5,0,0,-3.6,0
88,7.2,3.8,0,26.5,725.04
0,3.3,0.3,0,2.2,2.178
0,4.5,0,0,-3.6,0
0,4.7,0,0,6.4,0
0,5.4,0,0,-2.8,0
0,4.7,0,0,6.4,0
0,4.5,0,0,-3.6,0
57,3.6,10.2,0,26.3,965.736
342,4.2,29.5,0,25.4,3147.06
89,10.3,10.7,0,21.8,2402.578
53,4.7,24.6,0,18.5,2138.97
57,4.7,24.6,0,18.5,2138.97
31,1.7,12.7,163,-0.3,156.523
0,3.7,0,0,8.7,0
0,3.7,0,0,8.7,0
40,1.9,4.8,0,24.2,220.704
150,4.2,29.5,0,25.4,3147.06
0,5.4,0,0,-2.8,0
120,3.5,53.3,0,25.3,4719.715
0,2.5,0,0,6.7,0
151,3,46.2,0,23.4,3243.24
34,5.7,40.6,0,20.2,4674.684
0,2.5,0,0,6.7,0
0,2.5,0,0,6.7,0
0,5.4,0,0,-2.8,0
0,3.3,0.3,0,2.2,2.178
38,3,0.3,3,-6.3,-2.67
0,2.5,0,0,6.7,0
159,5.9,0,0,16.3,0
0,4.7,0,0,6.4,0
0,6.4,0,0,-4.8,0
0,5.2,0,0,-2.9,0
0,3.7,0,0,8.7,0
0,4.7,0,0,6.4,0
35,2.2,0,0,25.9,0
7,5.2,0,0,-2.9,0
80,3,46.2,0,23.4,3243.24
120,2.3,0,0,22.4,0
0,3.3,0.3,0,2.2,2.178
0,2.9,4.8,0,3.6,50.112
63,8,4.1,0,27.2,892.16
30,5.3,9.7,0,28.7,1475.467
0,3.9,0,0,-2.1,0
0,5.4,0,0,-2.8,0
0,2.5,0,0,6.7,0
77,1.7,12.7,163,-0.3,156.523
0,4.5,0,0,-3.6,0
90,2.9,3.6,0,25.7,268.308
60,2.9,3.6,0,25.7,268.308
35,2.9,3.6,0,25.7,268.308
176,2.5,29.2,0,24.4,1781.2
125,4.2,29.5,0,25.4,3147.06
0,6.4,0,0,-4.8,0
0,3.3,0.3,0,2.2,2.178
0,3.7,0,0,8.7,0
69,3,46.2,0,23.4,3243.24
0,6.4,0,0,-4.8,0
0,6.4,0,0,-4.8,0
234,4.6,1.8,0,25.3,209.484
0,6.4,0,0,-4.8,0
45,7.6,4.8,0,8.4,306.432
0,2.5,0,0,6.7,0
30,3,8.9,0,31.3,835.71
0,5.2,0,0,-2.9,0
80,2.9,3.6,0,25.7,268.308
31,3,46.2,0,23.4,3243.24
0,4.7,0,0,6.4,0
77,5.1,21.3,0,28.6,3106.818
0,3.7,0,0,8.7,0
0,4.7,0,0,6.4,0
0,4.7,0,0,6.4,0
0,2.5,0,0,6.7,0
154,3.5,53.3,0,25.3,4719.715
0,5.4,0,0,-2.8,0
0,4.7,0,0,6.4,0
117,4.2,29.5,0,25.4,3147.06
0,4.5,0,0,-2.8,0
56,6.5,81.3,0,28.3,14955.135
0,3.7,0,0,8.7,0
55,4.7,20.8,0,33.7,3294.512
74,2.5,29.2,0,24.4,1781.2
0,4.7,0,0,6.4,0
0,6.4,0,0,-4.8,0
0,3.3,0.3,0,2.2,2.178
50,5.1,21.3,0,28.6,3106.818
0,4.7,0,0,6.4,0
0,4.5,0,0,-2.8,0
146,4.1,26.2,0,27.2,2921.824
0,3.7,0,0,8.7,0
0,5.4,0,0,-2.8,0
0,4.7,0,0,6.4,0
0,6.4,0,0,-4.8,0
0,2.5,0,0,6.7,0
257,4.2,29.5,0,25.4,3147.06
0,2.5,0,0,6.7,0
0,2.9,4.8,0,3.6,50.112
0,6.4,0,0,-4.8,0
0,3.7,0,0,8.7,0
96,5.1,0.8,0,29.8,121.584
0,3.7,0,0,8.7,0
0,3.3,0.3,0,2.2,2.178
35,5.3,9.7,0,28.7,1475.467
0,4.7,0,0,6.4,0
0,2.5,0,0,6.7,0
0,2.5,0,0,6.7,0
0,4.5,0,0,-2.8,0
0,3.9,0,0,-2.1,0
0,2.5,0,0,6.7,0
135,8,4.1,0,27.2,892.16
27,5.2,0,0,-2.9,0
0,6.4,0,0,-4.8,0
0,3.7,0,0,8.7,0
59,4.2,29.5,0,25.4,3147.06
44,3.4,3,0,28,285.6
39,2.5,29.2,0,24.4,1781.2
233,8,4.1,0,27.2,892.16
88,2.5,29.2,0,24.4,1781.2
0,5.4,0,0,-2.8,0
0,3.7,0,0,8.7,0
0,4.5,0,0,-3.6,0
0,5.4,0,0,-2.8,0
0,4.7,0,0,6.4,0
41,3,8.9,0,31.3,835.71
37,5.1,21.3,0,28.6,3106.818
94,4.2,29.5,0,25.4,3147.06
0,3.7,0,0,8.7,0
264,4.7,20.8,0,33.7,3294.512
0,6.4,0,0,-4.8,0
0,6.4,0,0,-4.8,0
0,4.7,0,0,6.4,0
0,3.3,0.3,0,2.2,2.178
51,4.6,1.8,0,25.3,209.484
0,4.7,0,0,6.4,0
0,3.3,0.3,0,2.2,2.178
26,5.2,0,0,-2.9,0
0,3.7,0,0,8.7,0
0,4.7,0,0,6.4,0
0,3.9,0,0,-2.1,0
37,4.4,6.9,43,2.8,128.008
208,5.9,0,0,16.3,0
0,5.4,0,0,-2.8,0
0,2.5,0,0,6.7,0
93,4.2,10.9,0,29.7,1359.666
0,4.7,0,0,6.4,0
0,4.5,0,0,-3.6,0
0,2.9,4.8,0,3.6,50.112
0,4.5,0,0,-3.6,0
0,3.7,0,0,8.7,0
301,6.5,81.3,0,28.3,14955.135
85,3.6,0,0,28.7,0
0,2.5,0,0,6.7,0
84,4.2,10.9,0,29.7,1359.666
0,4.5,0,0,-3.6,0
159,4.7,24.6,0,18.5,2138.97
0,3.7,0,0,8.7,0
0,5.4,0,0,-2.8,0
0,5.2,0,0,-2.9,0
69,3.9,2,0,25.9,202.02
628,2.4,0,0,15,0
0,2.5,0,0,6.7,0
262,4.1,26.2,0,27.2,2921.824
0,3.3,0.3,0,2.2,2.178
0,6.4,0,0,-4.8,0
0,5.2,0,0,-2.9,0
0,2.5,0,0,6.7,0
32,4,22.1,0,25.2,2227.68
0,5.4,0,0,-2.8,0
0,3.3,0.3,0,2.2,2.178
133,2.5,29.2,0,24.4,1781.2
0,2.5,0,0,6.7,0
0,3.7,0,0,8.7,0
35,4.2,3.3,30,-11.3,-126.618
0,3.7,0,0,8.7,0
0,2.5,0,0,6.7,0
77,4.2,10.9,0,29.7,1359.666
70,6.5,81.3,0,28.3,14955.135
0,3.7,0,0,8.7,0
0,5.4,0,0,-2.8,0
33,7.6,2.5,25,-2.1,-14.9
0,6.4,0,0,-4.8,0
0,3.9,0,0,-2.1,0
0,3.9,0,0,-2.1,0
0,3.7,0,0,8.7,0
38,4.2,29.5,0,25.4,3147.06
51,4.2,29.5,0,25.4,3147.06
32,7.1,3,0,22.6,481.38
0,4.5,0,0,-2.8,0
0,4.5,0,0,-2.8,0
0,6.4,0,0,-4.8,0
197,4.7,24.6,0,18.5,2138.97
0,3.3,0.3,0,2.2,2.178
0,4.5,0,0,-3.6,0
0,4.5,0,0,-2.8,0
0,3.9,0,0,-2.1,0
64,3,46.2,0,23.4,3243.24
43,3,46.2,0,23.4,3243.24
54,2.9,3.6,0,25.7,268.308
48,4.9,6.4,0,21.4,671.104
67,3.6,10.2,0,26.3,965.736
124,10.3,10.7,0,21.8,2402.578
0,2.5,0,0,6.7,0
0,2.9,4.8,0,3.6,50.112
98,4.2,10.9,0,29.7,1359.666
231,2.9,3.6,0,25.7,268.308
0,4.5,0,0,-3.6,0
0,4.7,0,0,6.4,0
0,3.3,0.3,0,2.2,2.178
0,4.7,0,0,6.4,0
81,3,14,0,21.2,890.4
0,3.7,0,0,8.7,0
0,5.4,0,0,-2.8,0
101,7.2,3.8,0,26.5,725.04
0,3.7,0,0,8.7,0
0,3.7,0,0,8.7,0
0,3.7,0,0,8.7,0
99,4.2,10.9,0,29.7,1359.666
42,2.1,1,10,-2.5,4.75
60,3,46.2,0,23.4,3243.24
14,5.2,0,0,-2.9,0
0,5.4,0,0,-2.8,0
0,3.7,0,0,8.7,0
0,4.7,0,0,6.4,0
0,5.4,0,0,-2.8,0
51,3,46.2,0,23.4,3243.24
30,3.6,10.2,0,26.3,965.736
0,3.7,0,0,8.7,0
33,4.6,3,43,-6.4,-45.32
0,4.7,0,0,6.4,0
0,2.5,0,0,6.7,0
39,8,4.1,0,27.2,892.16
0,4.7,0,0,6.4,0
59,8,4.1,0,27.2,892.16
64,2.9,3.6,0,25.7,268.308
0,4.5,0,0,-2.8,0
144,8,4.1,0,27.2,892.16
0,2.5,0,0,6.7,0
0,3.7,0,0,8.7,0
0,4.7,0,0,6.4,0
0,4.5,0,0,-2.8,0
57,3.1,19.1,0,24.9,1474.329
142,10.3,10.7,0,21.8,2402.578
0,2.5,0,0,6.7,0
61,5.7,40.6,0,20.2,4674.684
137,3,46.2,0,23.4,3243.24
103,4.6,1.8,0,25.3,209.484
62,2.9,3.6,0,25.7,268.308
8,5.2,0,0,-2.9,0
0,3.7,0,0,8.7,0
41,3.5,2.5,0,-0.8,-7
0,4.5,0,0,-3.6,0
0,2.9,4.8,0,3.6,50.112
78,4.2,10.9,0,29.7,1359.666
0,3.3,0.3,0,2.2,2.178
78,5.9,0,0,16.3,0
0,5.2,0,0,-2.9,0
0,4.7,0,0,6.4,0
38,3.6,10.2,0,26.3,965.736
0,4.7,0,0,6.4,0
31,2.9,3.6,0,25.7,268.308
0,3.3,0.3,0,2.2,2.178
0,2.5,0,0,6.7,0
101,4.2,10.9,0,29.7,1359.666
0,3.9,0,0,-2.1,0
0,3.7,0,0,8.7,0
0,2.5,0,0,6.7,0
93,4.7,20.8,0,33.7,3294.512
0,2.5,0,0,6.7,0
39,7.2,3.8,0,26.5,725.04
0,4.5,0,0,-3.6,0
0,2.9,4.8,0,3.6,50.112
132,4.2,29.5,0,25.4,3147.06
3,5.2,0,0,-2.9,0
0,3.7,0,0,8.7,0
36,3.4,3,0,28,285.6
0,4.7,0,0,6.4,0
75,3.5,53.3,0,25.3,4719.715
32,2.3,0,0,22.4,0
130,3,46.2,0,23.4,3243.24
113,4.7,20.8,0,33.7,3294.512
0,4.7,0,0,6.4,0
35,3,46.2,0,23.4,3243.24
15,5.2,0,0,-2.9,0
79,6.5,81.3,0,28.3,14955.135
0,2.5,0,0,6.7,0
50,4.6,1.8,0,25.3,209.484
61,4.7,24.6,0,18.5,2138.97
0,2.5,0,0,6.7,0
45,1.7,12.7,163,-0.3,156.523
0,3.7,0,0,8.7,0
0,4.7,0,0,6.4,0
68,3,46.2,0,23.4,3243.24
46,5.9,0,0,16.3,0
131,4.7,20.8,0,33.7,3294.512
0,2.5,0,0,6.7,0
0,2.5,0,0,6.7,0
0,4.7,0,0,6.4,0
48,3.9,2,0,25.9,202.02
27,5.2,0,0,-2.9,0
0,4.7,0,0,6.4,0
30,3.9,2,0,25.9,202.02
0,4.7,0,0,6.4,0
155,4.2,29.5,0,25.4,3147.06
0,2.5,0,0,6.7,0
105,2.6,0,0,31.4,0
0,5.2,0,0,-2.9,0
0,4.7,0,0,6.4,0
0,2.5,0,0,6.7,0
73,4,22.1,0,25.2,2227.68
0,3.7,0,0,8.7,0
0,4.5,0,0,-2.8,0
46,3.6,10.2,0,26.3,965.736
0,4.7,0,0,6.4,0
247,3.5,53.3,0,25.3,4719.715
0,4.5,0,0,-3.6,0
0,6.4,0,0,-4.8,0
0,6.4,0,0,-4.8,0
0,5.2,0,0,-2.9,0
0,3.9,0,0,-2.1,0
0,3.7,0,0,8.7,0
0,3.3,0.3,0,2.2,2.178
0,3.3,0.3,0,2.2,2.178
0,4.5,0,0,-3.6,0
0,5.4,0,0,-2.8,0
0,2.5,0,0,6.7,0
255,3,28.2,0,29.2,2470.32
0,4.7,0,0,6.4,0
0,3.7,0,0,8.7,0
0,4.7,0,0,6.4,0
0,6.4,0,0,-4.8,0
0,3.3,0.3,0,2.2,2.178
0,4.7,0,0,6.4,0
0,4.7,0,0,6.4,0
0,2.9,4.8,0,3.6,50.112
0,2.5,0,0,6.7,0
30,5.1,0.8,0,29.8,121.584
31,5.3,2.5,58,-10.1,-75.825
71,2.2,10.9,0,24.3,582.714
0,4.7,0,0,6.4,0
0,2.5,0,0,6.7,0
0,3.7,0,0,8.7,0
0,3.7,0,0,8.7,0
0,3.3,0.3,0,2.2,2.178
0,2.5,0,0,6.7,0
47,6.3,0,0,19.4,0
0,3.3,0.3,0,2.2,2.178
0,4.7,0,0,6.4,0
200,2.8,24.4,0,26.6,1817.312
0,2.5,0,0,6.7,0
0,6.4,0,0,-4.8,0
60,4.9,0,0,22.2,0
143,3.5,53.3,0,25.3,4719.715
0,3.7,0,0,8.7,0
0,5.2,0,0,-2.9,0
30,5.1,21.3,0,28.6,3106.818
37,7.6,4.8,0,8.4,306.432
0,4.5,0,0,-2.8,0
0,5.4,0,0,-2.8,0
114,5.7,40.6,0,20.2,4674.684
0,4.5,0,0,-2.8,0
52,5.3,2.5,58,-10.1,-75.825
0,5.2,0,0,-2.9,0
0,4.5,0,0,-3.6,0
0,3.7,0,0,8.7,0
141,7.8,18.5,0,26.1,3766.23
67,2.6,16.8,0,24.9,1087.632
0,3.3,0.3,0,2.2,2.178
0,3.3,0.3,0,2.2,2.178
81,4.2,10.9,0,29.7,1359.666
0,4.7,0,0,6.4,0
52,3,0.3,3,-6.3,-2.67
0,6.4,0,0,-4.8,0
33,5.1,21.3,0,28.6,3106.818
0,3.9,0,0,-2.1,0
0,4.7,0,0,6.4,0
147,2.5,29.2,0,24.4,1781.2
33,2.6,0,0,31.4,0
90,4.2,10.9,0,29.7,1359.666
0,4.5,0,0,-2.8,0
0,2.5,0,0,6.7,0
49,7.6,4.8,0,8.4,306.432
39,5.1,0.8,0,29.8,121.584
58,2.2,10.9,0,24.3,582.714
49,2.1,2,0,27.4,115.08
0,6.4,0,0,-4.8,0
35,7.6,2.5,25,-2.1,-14.9
0,2.5,0,0,6.7,0
0,6.4,0,0,-4.8,0
0,2.5,0,0,6.7,0
0,3.7,0,0,8.7,0
0,4.7,0,0,6.4,0
100,3,28.2,0,29.2,2470.32
41,5.3,9.7,0,28.7,1475.467
0,3.7,0,0,8.7,0
0,6.4,0,0,-4.8,0
47,7.6,4.8,0,8.4,306.432
0,5.2,0,0,-2.9,0
35,5.1,0.8,0,29.8,121.584
0,4.7,0,0,6.4,0
108,5.2,23.9,0,25.8,3206.424
134,4.6,1.8,0,25.3,209.484
0,5.2,0,0,-2.9,0
0,3.7,0,0,8.7,0
0,3.7,0,0,8.7,0
0,4.5,0,0,-2.8,0
9,5.2,0,0,-2.9,0
53,4.2,29.5,0,25.4,3147.06
0,2.5,0,0,6.7,0
40,6.7,27.7,0,2.8,519.652
9,5.2,0,0,-2.9,0
0,6.4,0,0,-4.8,0
135,2.5,29.2,0,24.4,1781.2
0,3.7,0,0,8.7,0
0,5.4,0,0,-2.8,0
0,4.7,0,0,6.4,0
106,4.2,10.9,0,29.7,1359.666
39,7.6,4.8,0,8.4,306.432
0,4.7,0,0,6.4,0
49,3,14,0,21.2,890.4
16,5.2,0,0,-2.9,0
0,3.3,0.3,0,2.2,2.178
0,4.7,0,0,6.4,0
0,3.7,0,0,8.7,0
119,3.5,53.3,0,25.3,4719.715
98,3.5,53.3,0,25.3,4719.715
55,3.6,10.2,0,26.3,965.736
0,4.5,0,0,-2.8,0
175,4.6,1.8,0,25.3,209.484
0,4.7,0,0,6.4,0
0,2.5,0,0,6.7,0
0,3.7,0,0,8.7,0
0,6.4,0,0,-4.8,0
0,2.9,4.8,0,3.6,50.112
44,6.2,23.4,0,22.2,3220.776
76,2.6,16.8,0,24.9,1087.632
0,4.7,0,0,6.4,0
152,2.6,0,0,31.4,0
235,2.5,29.2,0,24.4,1781.2
0,3.3,0.3,0,2.2,2.178
72,2.9,3.6,0,25.7,268.308
61,7.2,3.8,0,26.5,725.04
0,4.5,0,0,-2.8,0
82,2.9,3.6,0,25.7,268.308
218,3.5,53.3,0,25.3,4719.715
42,4.2,29.5,0,25.4,3147.06
0,6.4,0,0,-4.8,0
0,2.5,0,0,6.7,0
0,3.3,0.3,0,2.2,2.178
6,5.2,0,0,-2.9,0
20,5.2,0,0,-2.9,0
51,5.7,40.6,0,20.2,4674.684
0,2.5,0,0,6.7,0
39,4.2,10.9,0,29.7,1359.666
85,5.1,0.8,0,29.8,121.584
0,5.2,0,0,-2.9,0
32,4.6,3,43,-6.4,-45.32
0,2.5,0,0,6.7,0
0,3.3,0.3,0,2.2,2.178
33,4.7,24.6,0,18.5,2138.97
0,4.5,0,0,-3.6,0
63,2.9,3.6,0,25.7,268.308
0,4.5,0,0,-2.8,0
0,4.7,0,0,6.4,0
0,4.5,0,0,-2.8,0
74,7.2,3.8,0,26.5,725.04
70,10.3,10.7,0,21.8,2402.578
0,3.7,0,0,8.7,0
0,3.3,0.3,0,2.2,2.178
62,4.7,20.8,0,33.7,3294.512
82,5.9,0,0,16.3,0
0,3.7,0,0,8.7,0
36,7.1,3,0,22.6,481.38
0,3.7,0,0,8.7,0
36,3,46.2,0,23.4,3243.24
0,2.5,0,0,6.7,0
0,2.5,0,0,6.7,0
0,3.7,0,0,8.7,0
79,3.4,3,0,28,285.6
0,3.3,0.3,0,2.2,2.178
46,5.9,14.7,0,21.7,1882.041
0,3.7,0,0,8.7,0
40,5.1,21.3,0,28.6,3106.818
34,3,14,0,21.2,890.4
0,2.9,4.8,0,3.6,50.112
52,3,46.2,0,23.4,3243.24
54,2.9,3.6,0,25.7,268.308
0,5.4,0,0,-2.8,0
70,3,46.2,0,23.4,3243.24
0,5.4,0,0,-2.8,0
0,6.4,0,0,-4.8,0
0,4.7,0,0,6.4,0
0,3.9,0,0,-2.1,0
0,4.7,0,0,6.4,0
0,3.7,0,0,8.7,0
45,3,46.2,0,23.4,3243.24
0,3.7,0,0,8.7,0
129,2.2,10.9,0,24.3,582.714
0,6.4,0,0,-4.8,0
0,4.7,0,0,6.4,0
0,3.3,0.3,0,2.2,2.178
0,3.9,0,0,-2.1,0
42,3.8,7.4,0,20.3,570.836
124,7.8,18.5,0,26.1,3766.23
31,3.6,10.2,0,26.3,965.736
90,3.5,53.3,0,25.3,4719.715
209,4.6,1.8,0,25.3,209.484
0,4.5,0,0,-3.6,0
0,2.5,0,0,6.7,0
0,3.9,0,0,-2.1,0
67,4.2,29.5,0,25.4,3147.06
0,4.7,0,0,6.4,0
138,7.2,3.8,0,26.5,725.04
32,8,4.1,0,27.2,892.16
0,4.7,0,0,6.4,0
0,4.7,0,0,6.4,0
0,4.5,0,0,-3.6,0
0,2.9,4.8,0,3.6,50.112
0,2.5,0,0,6.7,0
0,5.2,0,0,-2.9,0
82,4.2,10.9,0,29.7,1359.666
0,3.9,0,0,-2.1,0
0,3.7,0,0,8.7,0
59,3.6,10.2,0,26.3,965.736
46,3.6,10.2,0,26.3,965.736
0,6.4,0,0,-4.8,0
0,3.7,0,0,8.7,0
0,2.9,4.8,0,3.6,50.112
0,5.2,0,0,-2.9,0
119,3,46.2,0,23.4,3243.24
0,3.9,0,0,-2.1,0
36,7.1,3,0,22.6,481.38
41,5.9,0,0,16.3,0
0,6.4,0,0,-4.8,0
36,3.1,19.1,0,24.9,1474.329
0,3.7,0,0,8.7,0
0,4.5,0,0,-3.6,0
0,4.5,0,0,-3.6,0
69,3,28.2,0,29.2,2470.32
0,5.4,0,0,-2.8,0
0,2.5,0,0,6.7,0
367,4.7,20.8,0,33.7,3294.512
44,4.2,29.5,0,25.4,3147.06
0,4.7,0,0,6.4,0
0,3.3,0.3,0,2.2,2.178
0,4.7,0,0,6.4,0
63,4.1,26.2,0,27.2,2921.824
184,5.7,40.6,0,20.2,4674.684
0,5.4,0,0,-2.8,0
31,3,46.2,0,23.4,3243.24
0,3.7,0,0,8.7,0
0,2.5,0,0,6.7,0
0,4.7,0,0,6.4,0
0,6.4,0,0,-4.8,0
0,6.4,0,0,-4.8,0
0,2.5,0,0,6.7,0
77,3.1,19.1,0,24.9,1474.329
0,3.7,0,0,8.7,0
0,2.5,0,0,6.7,0
0,3.3,0.3,0,2.2,2.178
0,2.5,0,0,6.7,0
0,3.7,0,0,8.7,0
0,6.4,0,0,-4.8,0
54,6.9,20.6,0,20.1,2857.014
51,2.1,2,0,27.4,115.08
0,3.3,0.3,0,2.2,2.178
36,5.9,0,0,16.3,0
0,2.5,0,0,6.7,0
70,3,28.2,0,29.2,2470.32
82,10.3,10.7,0,21.8,2402.578
95,4.3,11.2,130,-3.3,-28.928
87,3,14,0,21.2,890.4
0,4.7,0,0,6.4,0
49,2.9,3.6,0,25.7,268.308
0,5.2,0,0,-2.9,0
0,5.2,0,0,-2.9,0
0,4.5,0,0,-3.6,0
0,2.9,4.8,0,3.6,50.112
0,4.7,0,0,6.4,0
63,3.4,3,0,28,285.6
103,7.2,3.8,0,26.5,725.04
0,5.4,0,0,-2.8,0
0,4.7,0,0,6.4,0
138,3.5,53.3,0,25.3,4719.715
0,3.9,0,0,-2.1,0
54,5.9,0,0,16.3,0
0,4.7,0,0,6.4,0
0,3.7,0,0,8.7,0
138,7.6,0,0,31.2,0
209,4.7,24.6,0,18.5,2138.97
67,2.2,10.9,0,24.3,582.714
70,10.3,10.7,0,21.8,2402.578
41,2.1,1,10,-2.5,4.75
0,2.5,0,0,6.7,0
0,4.5,0,0,-2.8,0
70,2.9,3.6,0,25.7,268.308
51,4.7,20.8,0,33.7,3294.512
0,5.2,0,0,-2.9,0
0,5.4,0,0,-2.8,0
0,3.9,0,0,-2.1,0
48,3.6,10.2,0,26.3,965.736
85,6.6,0,0,19.4,0
0,4.5,0,0,-2.8,0
39,7.1,3,0,22.6,481.38
0,5.4,0,0,-2.8,0
0,4.5,0,0,-3.6,0
0,4.5,0,0,-3.6,0
0,3.7,0,0,8.7,0
0,4.5,0,0,-3.6,0
44,2.9,0,0,30.1,0
43,3,8.9,0,31.3,835.71
0,3.7,0,0,8.7,0
39,3.6,10.2,0,26.3,965.736
0,6.4,0,0,-4.8,0
234,6.5,81.3,0,28.3,14955.135
0,4.7,0,0,6.4,0
81,4.7,24.6,0,18.5,2138.97
0,3.7,0,0,8.7,0
106,5.1,0.8,0,29.8,121.584
0,5.2,0,0,-2.9,0
0,4.7,0,0,6.4,0
0,4.5,0,0,-2.8,0
0,3.9,0,0,-2.1,0
0,3.9,0,0,-2.1,0
37,2.1,1,10,-2.5,4.75
109,4.7,24.6,0,18.5,2138.97
0,3.7,0,0,8.7,0
0,4.7,0,0,6.4,0
0,5.2,0,0,-2.9,0
0,3.7,0,0,8.7,0
65,5.1,0.8,0,29.8,121.584
0,4.7,0,0,6.4,0
43,1.7,12.7,163,-0.3,156.523
0,4.5,0,0,-3.6,0
40,7.2,0,0,-12.4,0
0,4.7,0,0,6.4,0
0,4.5,0,0,-2.8,0
36,5.1,21.3,0,28.6,3106.818
0,3.7,0,0,8.7,0
0,3.3,0.3,0,2.2,2.178
0,3.7,0,0,8.7,0
0,2.5,0,0,6.7,0
0,3.9,0,0,-2.1,0
0,5.4,0,0,-2.8,0
65,7.6,2.5,25,-2.1,-14.9
0,4.5,0,0,-3.6,0
0,4.5,0,0,-2.8,0
60,7.6,4.8,0,8.4,306.432
0,4.7,0,0,6.4,0
0,4.7,0,0,6.4,0
78,6.5,81.3,0,28.3,14955.135
0,3.7,0,0,8.7,0
31,4.2,3.3,30,-11.3,-126.618
0,2.9,4.8,0,3.6,50.112
0,3.3,0.3,0,2.2,2.178
83,3.5,33.3,0,22.1,2575.755
87,4.2,10.9,0,29.7,1359.666
0,3.7,0,0,8.7,0
33,4.7,24.6,0,18.5,2138.97
0,2.5,0,0,6.7,0
0,2.5,0,0,6.7,0
0,3.7,0,0,8.7,0
47,3.6,10.2,0,26.3,965.736
143,4.2,29.5,0,25.4,3147.06
39,4.6,3,43,-6.4,-45.32
111,4.7,24.6,0,18.5,2138.97
130,7.8,18.5,0,26.1,3766.23
0,2.5,0,0,6.7,0
0,3.7,0,0,8.7,0
226,2.5,29.2,0,24.4,1781.2
296,5.1,21.3,0,28.6,3106.818
69,4.9,0,0,22.2,0
0,5.4,0,0,-2.8,0
0,5.4,0,0,-2.8,0
56,7.1,3,0,22.6,481.38
53,2.6,16.8,0,24.9,1087.632
0,3.7,0,0,8.7,0
96,4.2,10.9,0,29.7,1359.666
0,5.4,0,0,-2.8,0
0,3.9,0,0,-2.1,0
63,4.7,20.8,0,33.7,3294.512
0,4.5,0,0,-2.8,0
31,2.6,16.8,0,24.9,1087.632
32,5.7,40.6,0,20.2,4674.684
0,4.7,0,0,6.4,0
84,4.2,29.5,0,25.4,3147.06
0,4.7,0,0,6.4,0
0,3.7,0,0,8.7,0
0,3.7,0,0,8.7,0
0,4.7,0,0,6.4,0
80,4.7,24.6,0,18.5,2138.97
0,3.3,0.3,0,2.2,2.178
97,3.1,19.1,0,24.9,1474.329
0,4.5,0,0,-2.8,0
120,7.8,18.5,0,26.1,3766.23
116,4.2,0,3,-14.1,3
66,4.9,0,0,22.2,0
0,3.7,0,0,8.7,0
0,4.7,0,0,6.4,0
0,5.2,0,0,-2.9,0
37,2.6,0,0,31.4,0
0,4.5,0,0,-3.6,0
0,3.3,0.3,0,2.2,2.178
114,4.2,29.5,0,25.4,3147.06
0,2.5,0,0,6.7,0
0,4.5,0,0,-3.6,0
0,2.5,0,0,6.7,0
0,2.5,0,0,6.7,0
0,4.5,0,0,-2.8,0
44,5.3,9.7,0,28.7,1475.467
0,2.5,0,0,6.7,0
0,3.7,0,0,8.7,0
0,6.4,0,0,-4.8,0
77,5.1,21.3,0,28.6,3106.818
0,2.9,4.8,0,3.6,50.112
33,6.9,20.6,0,20.1,2857.014
0,4.7,0,0,6.4,0
67,3.5,33.3,0,22.1,2575.755
86,6.5,81.3,0,28.3,14955.135
68,2.2,10.9,0,24.3,582.714
0,5.4,0,0,-2.8,0
138,4.2,29.5,0,25.4,3147.06
0,2.5,0,0,6.7,0
116,4.7,24.6,0,18.5,2138.97
43,6.9,20.6,0,20.1,2857.014
0,3.3,0.3,0,2.2,2.178
0,5.4,0,0,-2.8,0
0,3.3,0.3,0,2.2,2.178
39,4.2,3.3,30,-11.3,-126.618
0,4.5,0,0,-2.8,0
0,3.9,0,0,-2.1,0
0,3.7,0,0,8.7,0
39,7.6,2.5,25,-2.1,-14.9
30,4.2,10.9,0,29.7,1359.666
39,1.7,12.7,163,-0.3,156.523
60,3.8,20.1,0,20.2,1542.876
0,2.5,0,0,6.7,0
40,5.3,2.5,58,-10.1,-75.825
93,4.2,10.9,0,29.7,1359.666
153,4.6,1.8,0,25.3,209.484
0,4.5,0,0,-3.6,0
0,5.4,0,0,-2.8,0
0,6.4,0,0,-4.8,0
41,5.9,0,0,16.3,0
47,7.6,4.8,0,8.4,306.432
109,2.9,0,0,30.1,0
0,2.9,4.8,0,3.6,50.112
152,2.9,3.6,0,25.7,268.308
36,2.6,0,0,19.6,0
0,4.7,0,0,6.4,0
60,5.1,0.8,0,29.8,121.584
0,2.5,0,0,6.7,0
43,5.1,21.3,0,28.6,3106.818
69,2.5,29.2,0,24.4,1781.2
0,3.7,0,0,8.7,0
45,1.7,12.7,163,-0.3,156.523
0,2.5,0,0,6.7,0
58,5.1,21.3,0,28.6,3106.818
118,7.2,3.8,0,26.5,725.04
0,2.5,0,0,6.7,0
40,1.7,12.7,163,-0.3,156.523
35,7.6,4.8,0,8.4,306.432
0,4.7,0,0,6.4,0
0,3.7,0,0,8.7,0
0,2.5,0,0,6.7,0
66,5.4,4.8,0,21.2,549.504
184,4.7,20.8,0,33.7,3294.512
0,3.7,0,0,8.7,0
117,3.6,0,0,28.7,0
0,6.4,0,0,-4.8,0
36,3.6,10.2,0,26.3,965.736
54,3,8.9,0,31.3,835.71
0,3.7,0,0,8.7,0
72,3,28.2,0,29.2,2470.32
0,4.5,0,0,-3.6,0
242,2.9,3.6,0,25.7,268.308
48,3.9,2,0,25.9,202.02
44,3.6,10.2,0,26.3,965.736
0,3.3,0.3,0,2.2,2.178
0,4.7,0,0,6.4,0
0,3.7,0,0,8.7,0
152,3,46.2,0,23.4,3243.24
0,4.7,0,0,6.4,0
48,4.9,0,0,22.2,0
0,3.9,0,0,-2.1,0
0,4.5,0,0,-2.8,0
30,2.6,0,0,31.4,0
0,2.9,4.8,0,3.6,50.112
62,8,4.1,0,27.2,892.16
41,4.2,10.9,0,29.7,1359.666
0,4.5,0,0,-2.8,0
0,4.7,0,0,6.4,0
0,4.7,0,0,6.4,0
0,3.9,0,0,-2.1,0
31,7.1,3,0,22.6,481.38
0,4.5,0,0,-2.8,0
0,3.3,0.3,0,2.2,2.178
64,4.7,24.6,0,18.5,2138.97
72,11.9,0,0,8.6,0
0,4.5,0,0,-3.6,0
0,3.3,0.3,0,2.2,2.178
0,4.7,0,0,6.4,0
0,3.9,0,0,-2.1,0
33,2.1,2,0,27.4,115.08
0,5.2,0,0,-2.9,0
87,3,28.2,0,29.2,2470.32
0,3.3,0.3,0,2.2,2.178
0,3.9,0,0,-2.1,0
41,5.1,0.8,0,29.8,121.584
154,6.5,81.3,0,28.3,14955.135
120,5.1,21.3,0,28.6,3106.818
0,2.5,0,0,6.7,0
0,4.7,0,0,6.4,0
42,1.7,12.7,163,-0.3,156.523
0,4.5,0,0,-3.6,0
30,3.5,53.3,0,25.3,4719.715
0,4.7,0,0,6.4,0
45,3,8.9,0,31.3,835.71
33,5.3,9.7,0,28.7,1475.467
0,6.4,0,0,-4.8,0
92,7.2,3.8,0,26.5,725.04
0,3.7,0,0,8.7,0
61,7.6,2.5,25,-2.1,-14.9
0,6.4,0,0,-4.8,0
0,4.5,0,0,-3.6,0
65,4.7,20.8,0,33.7,3294.512
40,8,4.1,0,27.2,892.16
0,2.9,4.8,0,3.6,50.112
53,3.1,19.1,0,24.9,1474.329
103,4.6,1.5,0,25.4,175.26
92,3.4,3,0,28,285.6
64,5.9,0,0,16.3,0
0,4.5,0,0,-2.8,0
0,2.5,0,0,6.7,0
48,3.6,10.2,0,26.3,965.736
0,6.4,0,0,-4.8,0
0,4.7,0,0,6.4,0
60,8,4.1,0,27.2,892.16
0,4.5,0,0,-2.8,0
84,2.6,16.8,0,24.9,1087.632
57,1.7,12.7,163,-0.3,156.523
0,4.5,0,0,-2.8,0
0,3.3,0.3,0,2.2,2.178
86,7.2,3.8,0,26.5,725.04
0,2.5,0,0,6.7,0
0,4.5,0,0,-2.8,0
97,5.1,0.8,0,29.8,121.584
45,5.1,0.8,0,29.8,121.584
101,3,46.2,0,23.4,3243.24
398,4.7,20.8,0,33.7,3294.512
0,5.2,0,0,-2.9,0
0,3.7,0,0,8.7,0
0,3.7,0,0,8.7,0
95,3,46.2,0,23.4,3243.24
43,2.6,16.8,0,24.9,1087.632
0,6.4,0,0,-4.8,0
200,5.1,21.3,0,28.6,3106.818
0,4.7,0,0,6.4,0
0,3.7,0,0,8.7,0
65,3,14,0,21.2,890.4
41,2.6,26.7,0,24.9,1728.558
49,6.5,81.3,0,28.3,14955.135
44,5.7,40.6,0,20.2,4674.684
0,4.7,0,0,6.4,0
0,2.5,0,0,6.7,0
96,5.9,0,0,16.3,0
0,4.5,0,0,-2.8,0
0,5.2,0,0,-2.9,0
0,3.3,0.3,0,2.2,2.178
0,2.9,4.8,0,3.6,50.112
0,5.4,0,0,-2.8,0
0,4.5,0,0,-3.6,0
0,2.5,0,0,6.7,0
0,3.9,0,0,-2.1,0
31,4.5,0,0,-2.8,0
0,3.7,0,0,8.7,0
43,4.2,3.3,30,-11.3,-126.618
67,3.5,53.3,0,25.3,4719.715
0,4.7,0,0,6.4,0
0,3.3,0.3,0,2.2,2.178
90,4.2,10.9,0,29.7,1359.666
61,3.6,10.2,0,26.3,965.736
33,3.9,3,69,-6.6,-8.22
30,5.1,0.8,0,29.8,121.584
36,4.1,26.2,0,27.2,2921.824
0,3.3,0.3,0,2.2,2.178
36,3.5,53.3,0,25.3,4719.715
0,3.7,0,0,8.7,0
39,4.6,1.8,0,25.3,209.484
81,2.2,10.9,0,24.3,582.714
0,4.7,0,0,6.4,0
42,5.3,9.7,0,28.7,1475.467
0,4.5,0,0,-3.6,0
0,4.5,0,0,-2.8,0
0,3.7,0,0,8.7,0
0,6.4,0,0,-4.8,0
0,4.7,0,0,6.4,0
96,4.7,24.6,0,18.5,2138.97
137,4.9,0,0,22.2,0
0,3.3,0.3,0,2.2,2.178
100,4.6,1.8,0,25.3,209.484
40,3,0.3,3,-6.3,-2.67
40,4.3,11.2,130,-3.3,-28.928
0,4.5,0,0,-2.8,0
87,3,28.2,0,29.2,2470.32
39,5.7,40.6,0,20.2,4674.684
0,3.7,0,0,8.7,0
0,6.4,0,0,-4.8,0
0,6.4,0,0,-4.8,0
849,2.6,1.5,0,19.1,74.49
0,4.5,0,0,-2.8,0
0,5.4,0,0,-2.8,0
0,2.9,4.8,0,3.6,50.112
93,4.2,10.9,0,29.7,1359.666
0,2.5,0,0,6.7,0
0,5.2,0,0,-2.9,0
135,4.7,20.8,0,33.7,3294.512
0,6.4,0,0,-4.8,0
0,4.5,0,0,-3.6,0
0,2.5,0,0,6.7,0
0,4.5,0,0,-2.8,0
0,5.4,0,0,-2.8,0
74,2.2,10.9,0,24.3,582.714
81,2.9,3.6,0,25.7,268.308
0,3.7,0,0,8.7,0
8,4.5,0,0,-2.8,0
41,2.1,2,0,27.4,115.08
0,4.5,0,0,-3.6,0
0,4.7,0,0,6.4,0
0,3.3,0.3,0,2.2,2.178
0,2.5,0,0,6.7,0
0,3.7,0,0,8.7,0
32,4.9,0,0,22.2,0
146,4.3,4.6,0,20.1,397.578
67,2.5,29.2,0,24.4,1781.2
0,4.5,0,0,-2.8,0
0,4.5,0,0,-2.8,0
0,2.5,0,0,6.7,0
0,3.7,0,0,8.7,0
0,6.4,0,0,-4.8,0
0,4.5,0,0,-3.6,0
1047,5.1,21.3,0,28.6,3106.818
0,3.7,0,0,8.7,0
0,3.3,0.3,0,2.2,2.178
0,2.5,0,0,6.7,0
2,5.2,0,0,-2.9,0
0,4.5,0,0,-2.8,0
0,2.5,0,0,6.7,0
0,2.5,0,0,6.7,0
146,4.7,24.6,0,18.5,2138.97
67,7.6,4.8,0,8.4,306.432
69,2.2,10.9,0,24.3,582.714
18,5.2,0,0,-2.9,0
0,5.2,0,0,-2.9,0
71,4.6,1.5,0,25.4,175.26
80,10.3,10.7,0,21.8,2402.578
0,2.5,0,0,6.7,0
0,2.5,0,0,6.7,0
45,2.9,0,0,30.1,0
89,7.6,2.5,25,-2.1,-14.9
0,4.5,0,0,-3.6,0
119,10.3,10.7,0,21.8,2402.578
47,5.3,2.5,58,-10.1,-75.825
0,4.7,0,0,6.4,0
106,5.1,21.3,0,28.6,3106.818
35,3,8.9,0,31.3,835.71
0,3.9,0,0,-2.1,0
95,5.1,21.3,0,28.6,3106.818
95,5.7,40.6,0,20.2,4674.684
0,5.4,0,0,-2.8,0
0,4.7,0,0,6.4,0
103,2.5,29.2,0,24.4,1781.2
72,4.7,20.8,0,33.7,3294.512
0,2.5,0,0,6.7,0
0,4.5,0,0,-2.8,0
76,6.5,81.3,0,28.3,14955.135
4,4.5,0,0,-2.8,0
44,3,0.8,0,31.4,75.36
147,4.2,29.5,0,25.4,3147.06
161,4.2,29.5,0,25.4,3147.06
39,2.9,0,0,30.1,0
0,2.5,0,0,6.7,0
0,3.9,0,0,-2.1,0
0,2.5,0,0,6.7,0
41,4.4,6.9,43,2.8,128.008
222,4.6,1.8,0,25.3,209.484
0,2.5,0,0,6.7,0
43,4.2,29.5,0,25.4,3147.06
0,6.4,0,0,-4.8,0
0,4.5,0,0,-3.6,0
35,4.4,9.9,0,28.1,1224.036
92,4.2,29.5,0,25.4,3147.06
0,3.3,0.3,0,2.2,2.178
84,7.2,3.8,0,26.5,725.04
30,4.7,24.6,0,18.5,2138.97
63,7.2,3.8,0,26.5,725.04
38,4.8,0,0,25,0
0,4.7,0,0,6.4,0
37,8,4.1,0,27.2,892.16
334,4.7,20.8,0,33.7,3294.512
89,4.2,10.9,0,29.7,1359.666
0,2.9,4.8,0,3.6,50.112
53,7.6,4.8,0,8.4,306.432
34,4,22.1,0,25.2,2227.68
0,3.9,0,0,-2.1,0
73,4.7,20.8,0,33.7,3294.512
146,2.5,29.2,0,24.4,1781.2
0,3.3,0.3,0,2.2,2.178
0,4.7,0,0,6.4,0
114,4.1,26.2,0,27.2,2921.824
0,5.4,0,0,-2.8,0
71,2.3,0,0,22.4,0
115,3.5,53.3,0,25.3,4719.715
0,2.5,0,0,6.7,0
0,4.7,0,0,6.4,0
0,2.9,4.8,0,3.6,50.112
31,4.7,24.6,0,18.5,2138.97
0,3.9,0,0,-2.1,0
67,4.6,1.5,0,25.4,175.26
52,3.4,3,0,28,285.6
43,4.7,24.6,0,18.5,2138.97
67,3,46.2,0,23.4,3243.24
0,3.9,0,0,-2.1,0
44,5.7,40.6,0,8.8,2036.496
0,4.5,0,0,-2.8,0
0,2.5,0,0,6.7,0
0,3.7,0,0,8.7,0
0,5.2,0,0,-2.9,0
33,5.1,0.8,0,29.8,121.584
0,4.5,0,0,-2.8,0
0,6.4,0,0,-4.8,0
40,4.7,20.8,0,33.7,3294.512
33,5.7,0,0,4.2,0
222,4.7,20.8,0,33.7,3294.512
0,2.5,0,0,6.7,0
32,3.4,3,0,28,285.6
68,4.7,20.8,0,33.7,3294.512
0,4.5,0,0,-3.6,0
124,5.7,40.6,0,20.2,4674.684
0,6.4,0,0,-4.8,0
0,2.5,0,0,6.7,0
0,4.7,0,0,6.4,0
0,4.5,0,0,-2.8,0
0,3.7,0,0,8.7,0
105,2.5,29.2,0,24.4,1781.2
0,5.2,0,0,-2.9,0
0,3.7,0,0,8.7,0
129,4.9,0,0,22.2,0
0,3.3,0.3,0,2.2,2.178
0,2.9,4.8,0,3.6,50.112
0,3.9,0,0,-2.1,0
0,3.3,0.3,0,2.2,2.178
95,5.1,21.3,0,28.6,3106.818
0,4.7,0,0,6.4,0
0,4.7,0,0,6.4,0
58,2.9,0,0,30.1,0
0,4.5,0,0,-3.6,0
61,5.1,21.3,0,28.6,3106.818
0,3.7,0,0,8.7,0
0,2.5,0,0,6.7,0
0,2.5,0,0,6.7,0
0,3.9,0,0,-2.1,0
85,5.1,21.3,0,28.6,3106.818
0,3.7,0,0,8.7,0
0,5.2,0,0,-2.9,0
158,6.5,81.3,0,28.3,14955.135
118,5.2,23.9,0,25.8,3206.424
0,4.5,0,0,-2.8,0
0,3.9,0,0,-2.1,0
47,4.3,2.8,79,-14.9,-100.396
207,6.5,81.3,0,28.3,14955.135
0,3.7,0,0,8.7,0
32,4.2,3.3,30,-11.3,-126.618
32,5,0.5,10,-0.6,8.5
0,2.5,0,0,6.7,0
271,4.3,11.2,130,-3.3,-28.928
31,3.9,3,69,-6.6,-8.22
0,5.4,0,0,-2.8,0
33,4.3,11.2,130,-3.3,-28.928
76,7.2,3.8,0,26.5,725.04
65,3,46.2,0,23.4,3243.24
0,4.7,0,0,6.4,0
9,5.2,0,0,-2.9,0
84,5.1,21.3,0,28.6,3106.818
80,2.5,29.2,0,24.4,1781.2
50,2.9,3.6,0,25.7,268.308
56,4.7,20.8,0,33.7,3294.512
93,10.3,10.7,0,21.8,2402.578
0,4.7,0,0,6.4,0
0,4.7,0,0,6.4,0
0,4.7,0,0,6.4,0
22,5.2,0,0,-2.9,0
36,1.9,4.8,0,24.2,220.704
0,2.9,4.8,0,3.6,50.112
155,3,46.2,0,23.4,3243.24
0,2.5,0,0,6.7,0
214,4.2,29.5,0,25.4,3147.06
0,2.5,0,0,6.7,0
42,4.7,24.6,0,18.5,2138.97
0,4.7,0,0,6.4,0
63,4.7,24.6,0,18.5,2138.97
115,4.7,20.8,0,33.7,3294.512
0,3.3,0.3,0,2.2,2.178
215,2.9,0,0,30.1,0
0,3.7,0,0,8.7,0
0,3.9,0,0,-2.1,0
0,4.7,0,0,6.4,0
287,3.4,0,0,24.2,0
0,3.3,0.3,0,2.2,2.178
188,5.2,23.9,0,25.8,3206.424
0,4.5,0,0,-2.8,0
43,5.3,9.7,0,28.7,1475.467
46,2.7,30.7,0,18.1,1500.309
0,5.4,0,0,-2.8,0
0,5.4,0,0,-2.8,0
32,6.5,81.3,0,28.3,14955.135
0,5.2,0,0,-2.9,0
0,4.7,0,0,6.4,0
0,2.5,0,0,6.7,0
40,8,4.1,0,27.2,892.16
0,6.4,0,0,-4.8,0
66,6.5,81.3,0,28.3,14955.135
62,3,46.2,0,23.4,3243.24
0,4.7,0,0,6.4,0
0,5.4,0,0,-2.8,0
0,2.5,0,0,6.7,0
56,2.6,0,0,31.4,0
0,4.7,0,0,6.4,0
13,5.2,0,0,-2.9,0
0,3.7,0,0,8.7,0
59,2.9,3.6,0,25.7,268.308
0,2.5,0,0,6.7,0
42,2.6,16.8,0,24.9,1087.632
190,3,46.2,0,23.4,3243.24
0,6.4,0,0,-4.8,0
0,4.7,0,0,6.4,0
0,2.5,0,0,6.7,0
0,2.5,0,0,6.7,0
0,6.4,0,0,-4.8,0
36,4.3,11.2,130,-3.3,-28.928
44,4.4,9.9,0,28.1,1224.036
73,4.7,20.8,0,33.7,3294.512
0,5.2,0,0,-2.9,0
37,5.1,0.8,0,29.8,121.584
112,5.1,21.3,0,28.6,3106.818
105,3.5,53.3,0,25.3,4719.715
34,7.6,2.5,25,-2.1,-14.9
0,3.7,0,0,8.7,0
0,2.9,4.8,0,3.6,50.112
0,4.7,0,0,6.4,0
0,4.5,0,0,-3.6,0
0,2.5,0,0,6.7,0
0,2.5,0,0,6.7,0
0,2.5,0,0,6.7,0
37,5.3,9.7,0,28.7,1475.467
0,3.7,0,0,8.7,0
0,3.7,0,0,8.7,0
0,2.5,0,0,6.7,0
31,3.1,19.1,0,24.9,1474.329
112,3.5,53.3,0,25.3,4719.715
90,2.5,29.2,0,24.4,1781.2
225,4.2,29.5,0,25.4,3147.06
35,3.5,53.3,0,25.3,4719.715
0,2.5,0,0,6.7,0
82,2.9,3.6,0,25.7,268.308
94,2.9,3.6,0,25.7,268.308
46,5.7,40.6,0,20.2,4674.684
0,6.4,0,0,-4.8,0
0,4.5,0,0,-3.6,0
36,4.7,0.5,10,-4.6,-0.81
198,3,8.9,0,31.3,835.71
0,3.9,0,0,-2.1,0
0,4.7,0,0,6.4,0
242,2.9,3.6,0,25.7,268.308
0,3.7,0,0,8.7,0
160,4.2,29.5,0,25.4,3147.06
200,4.7,20.8,0,33.7,3294.512
0,2.5,0,0,6.7,0
35,4.9,0,0,22.2,0
0,3.7,0,0,8.7,0
0,2.5,0,0,6.7,0
33,3,46.2,0,23.4,3243.24
94,6.5,81.3,0,28.3,14955.135
0,4.7,0,0,6.4,0
0,4.7,0,0,6.4,0
0,3.3,0.3,0,2.2,2.178
44,1.7,12.7,163,-0.3,156.523
162,3.5,53.3,0,25.3,4719.715
71,5.9,0,0,16.3,0
0,3.9,0,0,-2.1,0
104,2.9,3.6,0,25.7,268.308
0,4.5,0,0,-2.8,0
0,2.9,4.8,0,3.6,50.112
0,4.5,0,0,-2.8,0
118,5.9,0,0,16.3,0
55,3,46.2,0,23.4,3243.24
0,3.7,0,0,8.7,0
54,3.5,0,0,21.3,0
0,3.7,0,0,8.7,0
0,2.9,4.8,0,3.6,50.112
0,3.3,0.3,0,2.2,2.178
0,3.9,0,0,-2.1,0
0,3.3,0.3,0,2.2,2.178
41,4.6,3,43,-6.4,-45.32
0,4.7,0,0,6.4,0
120,5.7,40.6,0,20.2,4674.684
0,4.7,0,0,6.4,0
21,5.2,0,0,-2.9,0
0,4.5,0,0,-2.8,0
93,5.2,0,0,16.3,0
287,4.9,0,0,22.2,0
46,4.3,2.8,79,-14.9,-100.396
0,2.5,0,0,6.7,0
96,4.7,20.8,0,33.7,3294.512
104,5.1,0.8,0,29.8,121.584
31,4.7,24.6,0,18.5,2138.97
78,5.1,21.3,0,28.6,3106.818
45,4.7,24.6,0,18.5,2138.97
35,7.6,4.8,0,8.4,306.432
0,3.7,0,0,8.7,0
0,2.5,0,0,6.7,0
51,8,4.1,0,27.2,892.16
0,4.7,0,0,6.4,0
0,3.9,0,0,-2.1,0
0,3.7,0,0,8.7,0
0,3.7,0,0,8.7,0
0,3.7,0,0,8.7,0
0,5.2,0,0,-2.9,0
80,3,46.2,0,23.4,3243.24
0,6.4,0,0,-4.8,0
42,3.1,19.1,0,24.9,1474.329
0,4.7,0,0,6.4,0
0,3.3,0.3,0,2.2,2.178
0,4.5,0,0,-2.8,0
84,7.2,3.8,0,26.5,725.04
0,3.7,0,0,8.7,0
0,4.5,0,0,-3.6,0
0,4.7,0,0,6.4,0
35,3,14,0,21.2,890.4
0,4.5,0,0,-2.8,0
44,1.7,12.7,163,-0.3,156.523
50,5.1,0.8,0,29.8,121.584
0,4.5,0,0,-2.8,0
0,2.5,0,0,6.7,0
31,2.6,0,0,31.4,0
35,6.9,20.6,0,20.1,2857.014
35,7.1,3,0,22.6,481.38
30,5.1,21.3,0,28.6,3106.818
0,6.4,0,0,-4.8,0
218,4.9,0,0,22.2,0
0,6.4,0,0,-4.8,0
181,6.6,0,0,19.4,0
30,2.5,29.2,0,24.4,1781.2
0,4.7,0,0,6.4,0
0,3.9,0,0,-2.1,0
444,7.8,18.5,0,26.1,3766.23
128,3.1,0,0,21.2,0
0,6.4,0,0,-4.8,0
39,3,28.2,0,29.2,2470.32
0,6.4,0,0,-4.8,0
0,3.3,0.3,0,2.2,2.178
118,5.1,21.3,0,28.6,3106.818
91,3.4,3,0,28,285.6
0,2.5,0,0,6.7,0
66,5.9,0,0,16.3,0
0,3.7,0,0,8.7,0
0,5.2,0,0,-2.9,0
0,3.7,0,0,8.7,0
78,3,0.3,3,-6.3,-2.67
59,8,4.1,0,27.2,892.16
0,3.7,0,0,8.7,0
144,5.7,40.6,0,20.2,4674.684
0,2.5,0,0,6.7,0
60,3,8.9,0,31.3,835.71
39,1.7,12.7,163,-0.3,156.523
0,5.2,0,0,-2.9,0
72,4.7,24.6,0,18.5,2138.97
0,3.3,0.3,0,2.2,2.178
0,4.7,0,0,6.4,0
0,2.5,0,0,6.7,0
0,2.5,0,0,6.7,0
115,4.6,1.8,0,25.3,209.484
0,2.5,0,0,6.7,0
0,4.7,0,0,6.4,0
0,2.5,0,0,6.7,0
0,4.7,0,0,6.4,0
0,3.7,0,0,8.7,0
0,4.5,0,0,-2.8,0
0,4.7,0,0,6.4,0
0,4.5,0,0,-3.6,0
0,6.4,0,0,-4.8,0
750,7.9,0,0,10.2,0
69,4.7,20.8,0,33.7,3294.512
0,4.5,0,0,-2.8,0
0,3.7,0,0,8.7,0
0,4.7,0,0,6.4,0
0,2.5,0,0,6.7,0
0,2.5,0,0,6.7,0
45,3.1,19.1,0,24.9,1474.329
0,2.9,4.8,0,3.6,50.112
0,5.4,0,0,-2.8,0
0,2.5,0,0,6.7,0
0,3.7,0,0,8.7,0
30,4.2,3.3,30,-11.3,-126.618
0,5.4,0,0,-2.8,0
62,4.6,1.8,0,25.3,209.484
58,4.7,24.6,0,18.5,2138.97
0,3.3,0.3,0,2.2,2.178
0,4.7,0,0,6.4,0
94,4.2,10.9,0,29.7,1359.666
102,2.9,3.6,0,25.7,268.308
35,4.6,1.8,0,25.3,209.484
0,2.5,0,0,6.7,0
0,4.7,0,0,6.4,0
0,5.4,0,0,-2.8,0
0,4.5,0,0,-2.8,0
171,4.7,20.8,0,33.7,3294.512
58,5.7,40.6,0,20.2,4674.684
99,2.5,29.2,0,24.4,1781.2
111,3,0.8,0,31.4,75.36
112,7.8,18.5,0,26.1,3766.23
0,3.3,0.3,0,2.2,2.178
24,4.5,0,0,-2.8,0
0,5.4,0,0,-2.8,0
85,3.6,10.2,0,26.3,965.736
33,2.6,16.8,0,24.9,1087.632
114,7.2,3.8,0,26.5,725.04
57,4.7,24.6,0,18.5,2138.97
0,3.3,0.3,0,2.2,2.178
44,5.3,2.5,58,-10.1,-75.825
75,3,28.2,0,29.2,2470.32
0,2.5,0,0,6.7,0
30,5.3,2.5,58,-10.1,-75.825
33,5.7,40.6,0,20.2,4674.684
0,4.5,0,0,-2.8,0
0,4.5,0,0,-2.8,0
0,2.5,0,0,6.7,0
33,4.6,3,43,-6.4,-45.32
57,5.1,21.3,0,28.6,3106.818
46,5.7,40.6,0,20.2,4674.684
43,3.9,3,69,-6.6,-8.22
118,5.7,40.6,0,20.2,4674.684
38,5.4,13,0,7.3,512.46
99,7.1,3,0,22.6,481.38
0,2.5,0,0,6.7,0
0,3.7,0,0,8.7,0
0,3.9,0,0,-2.1,0
211,5.2,23.9,0,25.8,3206.424
0,2.9,4.8,0,3.6,50.112
80,1.7,12.7,163,-0.3,156.523
107,3,46.2,0,23.4,3243.24
0,4.7,0,0,6.4,0
0,2.5,0,0,6.7,0
189,4.6,1.8,0,25.3,209.484
0,6.4,0,0,-4.8,0
42,4.2,3.3,30,-11.3,-126.618
0,5.2,0,0,-2.9,0
133,5.9,0,0,16.3,0
0,4.7,0,0,6.4,0
0,3.9,0,0,-2.1,0
46,3.6,10.2,0,26.3,965.736
0,4.5,0,0,-3.6,0
0,4.5,0,0,-2.8,0
0,3.7,0,0,8.7,0
118,2.9,0,0,30.1,0
0,4.5,0,0,-2.8,0
0,4.5,0,0,-3.6,0
42,4.9,0,0,22.2,0
11,5.2,0,0,-2.9,0
90,4.7,24.6,0,18.5,2138.97
48,3,46.2,0,23.4,3243.24
50,4.7,24.6,0,18.5,2138.97
38,6.8,0,0,1.2,0
0,2.5,0,0,6.7,0
0,3.9,0,0,-2.1,0
47,5,14.5,0,16.4,1189
40,1.7,12.7,163,-0.3,156.523
38,6.3,0,0,28.6,0
85,2.2,10.9,0,24.3,582.714
131,2.9,3.6,0,25.7,268.308
34,4.2,29.5,0,25.4,3147.06
0,2.5,0,0,6.7,0
49,6.5,81.3,0,28.3,14955.135
0,4.5,0,0,-2.8,0
75,2.9,3.6,0,25.7,268.308
33,4.7,24.6,0,18.5,2138.97
0,5.4,0,0,-2.8,0
0,4.7,0,0,6.4,0
0,2.5,0,0,6.7,0
0,3.7,0,0,8.7,0
0,5.4,0,0,-2.8,0
32,7.6,2.5,25,-2.1,-14.9
161,6.5,81.3,0,28.3,14955.135
0,5.4,0,0,-2.8,0
44,7.1,3,0,22.6,481.38
0,5.2,0,0,-2.9,0
0,3.3,0.3,0,2.2,2.178
0,4.5,0,0,-3.6,0
0,4.5,0,0,-2.8,0
15,5.2,0,0,-2.9,0
0,4.7,0,0,6.4,0
0,2.5,0,0,6.7,0
0,3.9,0,0,-2.1,0
0,6.4,0,0,-4.8,0
0,2.5,0,0,6.7,0
0,5.2,0,0,-2.9,0
38,4.2,3.3,30,-11.3,-126.618
0,4.7,0,0,6.4,0
0,5.4,0,0,-2.8,0
0,2.9,4.8,0,3.6,50.112
88,3.1,19.1,0,24.9,1474.329
38,2.6,16.8,0,24.9,1087.632
0,4.7,0,0,6.4,0
0,2.9,4.8,0,3.6,50.112
0,4.7,0,0,6.4,0
73,3,14,0,21.2,890.4
32,4.2,3.3,30,-11.3,-126.618
0,5.4,0,0,-2.8,0
236,4.7,20.8,0,33.7,3294.512
320,4.7,20.8,0,33.7,3294.512
186,3,0,0,18.9,0
0,2.5,0,0,6.7,0
35,4.2,3.3,30,-11.3,-126.618
68,3.4,3,0,28,285.6
0,4.7,0,0,6.4,0
125,4.7,20.8,0,33.7,3294.512
0,4.7,0,0,6.4,0
0,4.5,0,0,-2.8,0
0,4.5,0,0,-3.6,0
0,5.4,0,0,-2.8,0
122,4.1,26.2,0,27.2,2921.824
0,2.5,0,0,6.7,0
164,3.9,2,0,25.9,202.02
96,2.9,0,0,30.1,0
229,3.5,53.3,0,25.3,4719.715
0,3.7,0,0,8.7,0
0,4.5,0,0,-2.8,0
0,4.5,0,0,-2.8,0
0,3.7,0,0,8.7,0
0,2.5,0,0,6.7,0
62,3,28.2,0,29.2,2470.32
0,4.7,0,0,6.4,0
227,2.7,30.7,0,18.1,1500.309
57,7.6,4.8,0,8.4,306.432
0,5.4,0,0,-2.8,0
72,5.7,40.6,0,20.2,4674.684
80,5.1,21.3,0,28.6,3106.818
0,4.7,0,0,6.4,0
31,6.2,23.4,0,22.2,3220.776
61,4.7,24.6,0,18.5,2138.97
83,2.6,16.8,0,24.9,1087.632
0,2.5,0,0,6.7,0
0,3.9,0,0,-2.1,0
0,3.7,0,0,8.7,0
0,2.9,4.8,0,3.6,50.112
0,4.5,0,0,-2.8,0
0,3.3,0.3,0,2.2,2.178
34,4.6,1.8,0,25.3,209.484
0,5.2,0,0,-2.9,0
51,3.6,10.2,0,26.3,965.736
0,5.4,0,0,-2.8,0
0,4.7,0,0,6.4,0
0,4.5,0,0,-3.6,0
0,3.7,0,0,8.7,0
0,2.5,0,0,6.7,0
45,3,8.9,0,31.3,835.71
79,2.9,3.6,0,25.7,268.308
41,7.1,3,0,22.6,481.38
0,3.3,0.3,0,2.2,2.178
0,3.3,0.3,0,2.2,2.178
62,4.7,24.6,0,18.5,2138.97
0,5.2,0,0,-2.9,0
35,4.3,11.2,130,-3.3,-28.928
0,3.7,0,0,8.7,0
0,2.5,0,0,6.7,0
0,4.7,0,0,6.4,0
0,4.5,0,0,-3.6,0
31,8,4.1,0,27.2,892.16
157,5.9,0,0,16.3,0
0,5.2,0,0,-2.9,0
38,5.1,0.8,0,29.8,121.584
0,6.4,0,0,-4.8,0
0,3.7,0,0,8.7,0
54,3,8.9,0,31.3,835.71
59,5.3,2.5,58,-10.1,-75.825
0,4.7,0,0,6.4,0
0,4.7,0,0,6.4,0
0,3.7,0,0,8.7,0
0,3.9,0,0,-2.1,0
0,2.5,0,0,6.7,0
52,4.7,20.8,0,33.7,3294.512
0,2.5,0,0,6.7,0
37,4.3,2.8,79,-14.9,-100.396
0,4.5,0,0,-3.6,0
103,2.6,0,0,31.4,0
96,4.6,1.8,0,25.3,209.484
0,2.9,4.8,0,3.6,50.112
0,4.5,0,0,-2.8,0
187,4.7,24.6,0,18.5,2138.97
0,4.7,0,0,6.4,0
67,3.9,0,0,22.3,0
0,4.7,0,0,6.4,0
33,5.2,0,0,-2.9,0
52,5.3,2.5,58,-10.1,-75.825
59,4.6,1.8,0,25.3,209.484
0,3.7,0,0,8.7,0
0,4.5,0,0,-2.8,0
0,2.9,4.8,0,3.6,50.112
43,5.9,0,0,16.3,0
97,3.5,53.3,0,25.3,4719.715
0,2.9,4.8,0,3.6,50.112
0,3.9,0,0,-2.1,0
0,4.7,0,0,6.4,0
38,8,4.1,0,27.2,892.16
0,3.3,0.3,0,2.2,2.178
36,8,4.1,0,27.2,892.16
171,7.2,3.8,0,26.5,725.04
31,2.1,2,0,27.4,115.08
0,4.7,0,0,6.4,0
130,4.2,29.5,0,25.4,3147.06
541,6.9,0,0,7.4,0
118,4.2,29.5,0,25.4,3147.06
0,3.9,0,0,-2.1,0
0,3.9,0,0,-2.1,0
45,3,14,0,21.2,890.4
97,4.2,10.9,0,29.7,1359.666
51,3,46.2,0,23.4,3243.24
0,2.5,0,0,6.7,0
0,4.7,0,0,6.4,0
0,3.7,0,0,8.7,0
58,4.2,29.5,0,25.4,3147.06
161,5.1,21.3,0,28.6,3106.818
31,3.4,3,0,28,285.6
37,3.5,53.3,0,25.3,4719.715
0,4.7,0,0,6.4,0
0,3.9,0,0,-2.1,0
0,2.5,0,0,6.7,0
0,4.7,0,0,6.4,0
38,7.1,3,0,22.6,481.38
45,7.1,3,0,22.6,481.38
70,3.4,3,0,28,285.6
60,6.6,0,0,19.4,0
0,4.7,0,0,6.4,0
0,3.3,0.3,0,2.2,2.178
49,3.9,2,0,25.9,202.02
46,5.2,0,0,-2.9,0
36,3.6,10.2,0,26.3,965.736
27,5.2,0,0,-2.9,0
0,2.5,0,0,6.7,0
0,4.5,0,0,-3.6,0
0,2.9,4.8,0,3.6,50.112
36,5.3,2.5,58,-10.1,-75.825
65,2.9,3.6,0,25.7,268.308
0,4.5,0,0,-2.8,0
0,5.4,0,0,-2.8,0
0,3.7,0,0,8.7,0
0,4.7,0,0,6.4,0
146,3.4,3,0,28,285.6
195,3,46.2,0,23.4,3243.24
46,6.9,20.6,0,20.1,2857.014
46,2.1,2,0,27.4,115.08
0,4.7,0,0,6.4,0
126,3,46.2,0,23.4,3243.24
95,4.6,1.8,0,25.3,209.484
0,5.2,0,0,-2.9,0
0,4.7,0,0,6.4,0
0,4.5,0,0,-2.8,0
0,6.4,0,0,-4.8,0
45,4.6,1.5,0,25.4,175.26
82,3,8.9,0,31.3,835.71
56,5.4,13,0,7.3,512.46
0,3.7,0,0,8.7,0
71,10.3,10.7,0,21.8,2402.578
62,4.2,29.5,0,25.4,3147.06
0,2.5,0,0,6.7,0
0,4.5,0,0,-2.8,0
59,5.1,0.8,0,29.8,121.584
30,4.3,11.2,130,-3.3,-28.928
34,5.3,9.7,0,28.7,1475.467
43,8,4.1,0,27.2,892.16
0,3.7,0,0,8.7,0
85,5.7,40.6,0,20.2,4674.684
36,6.9,20.6,0,20.1,2857.014
0,3.9,0,0,-2.1,0
58,3,46.2,0,23.4,3243.24
169,4.2,29.5,0,25.4,3147.06
0,5.2,0,0,-2.9,0
0,4.7,0,0,6.4,0
0,2.5,0,0,6.7,0
79,7.2,3.8,0,26.5,725.04
0,5.4,0,0,-2.8,0
0,4.7,0,0,6.4,0
0,3.3,0.3,0,2.2,2.178
53,5.2,23.9,0,25.8,3206.424
0,4.5,0,0,-2.8,0
125,2.5,29.2,0,24.4,1781.2
0,4.7,0,0,6.4,0
30,4.2,3.3,30,-11.3,-126.618
137,2.7,30.7,0,18.1,1500.309
80,4.7,24.6,0,18.5,2138.97
0,2.5,0,0,6.7,0
0,5.2,0,0,-2.9,0
10,4.5,0,0,-2.8,0
65,5.1,21.3,0,28.6,3106.818
0,6.4,0,0,-4.8,0
68,3,46.2,0,23.4,3243.24
76,6.5,81.3,0,28.3,14955.135
77,4.7,24.6,0,18.5,2138.97
0,2.5,0,0,6.7,0
46,8.4,0,0,16,0
0,6.4,0,0,-4.8,0
283,2.9,3.6,0,25.7,268.308
42,3.8,7.4,0,20.3,570.836
0,4.5,0,0,-2.8,0
0,3.9,0,0,-2.1,0
79,5.1,21.3,0,28.6,3106.818
81,4.6,1.8,0,25.3,209.484
0,4.7,0,0,6.4,0
0,3.3,0.3,0,2.2,2.178
0,4.5,0,0,-2.8,0
87,3,46.2,0,23.4,3243.24
65,3,46.2,0,23.4,3243.24
49,3.5,53.3,0,25.3,4719.715
57,4.3,11.2,130,-3.3,-28.928
30,2.1,2,0,27.4,115.08
0,4.7,0,0,6.4,0
41,2.1,2,0,27.4,115.08
0,4.5,0,0,-3.6,0
103,4.1,26.2,0,27.2,2921.824
0,2.9,4.8,0,3.6,50.112
67,3.7,14.2,0,22.6,1187.404
33,2.1,2,0,27.4,115.08
0,4.7,0,0,6.4,0
0,4.5,0,0,-3.6,0
0,4.7,0,0,6.4,0
0,2.5,0,0,6.7,0
0,4.7,0,0,6.4,0
0,2.5,0,0,6.7,0
0,4.5,0,0,-3.6,0
39,6.9,20.6,0,20.1,2857.014
0,3.3,0.3,0,2.2,2.178
0,3.7,0,0,8.7,0
0,5.4,0,0,-2.8,0
73,5.1,21.3,0,28.6,3106.818
55,5.1,0.8,0,29.8,121.584
0,4.7,0,0,6.4,0
41,5.2,0,0,-2.9,0
0,4.5,0,0,-2.8,0
0,2.5,0,0,6.7,0
30,2.6,16.8,0,24.9,1087.632
0,3.7,0,0,8.7,0
0,3.7,0,0,8.7,0
43,4.2,3.3,30,-11.3,-126.618
0,6.4,0,0,-4.8,0
149,2.5,29.2,0,24.4,1781.2
191,3.5,53.3,0,25.3,4719.715
114,3.5,53.3,0,25.3,4719.715
0,4.5,0,0,-3.6,0
166,2.5,29.2,0,24.4,1781.2
76,4.9,0,0,22.2,0
30,2.5,29.2,0,24.4,1781.2
223,3.5,53.3,0,25.3,4719.715
84,5.1,21.3,0,28.6,3106.818
32,4.7,24.6,0,18.5,2138.97
0,2.5,0,0,6.7,0
0,4.7,0,0,6.4,0
107,3.1,19.1,0,24.9,1474.329
43,4.3,11.2,130,-3.3,-28.928
0,3.7,0,0,8.7,0
122,5.2,23.9,0,25.8,3206.424
40,1.7,12.7,163,-0.3,156.523
0,3.7,0,0,8.7,0
0,4.5,0,0,-3.6,0
30,5,0.5,10,-0.6,8.5
0,5.2,0,0,-2.9,0
96,3,28.2,0,29.2,2470.32
81,3,28.2,0,29.2,2470.32
0,4.5,0,0,-3.6,0
0,4.7,0,0,6.4,0
35,2.1,2,0,27.4,115.08
0,3.9,0,0,-2.1,0
128,5.2,23.9,0,25.8,3206.424
70,4.6,1.8,0,25.3,209.484
38,2.6,0,0,31.4,0
51,4.1,16.8,0,8.2,564.816
0,2.9,4.8,0,3.6,50.112
192,1.7,12.7,163,-0.3,156.523
113,4.7,20.8,0,33.7,3294.512
31,4.3,2.8,79,-14.9,-100.396
96,5.7,40.6,0,20.2,4674.684
0,3.3,0.3,0,2.2,2.178
0,6.4,0,0,-4.8,0
0,3.7,0,0,8.7,0
0,4.5,0,0,-2.8,0
94,7.6,4.8,0,8.4,306.432
30,5.3,9.7,0,28.7,1475.467
0,3.3,0.3,0,2.2,2.178
0,6.4,0,0,-4.8,0
0,4.7,0,0,6.4,0
33,3,8.9,0,31.3,835.71
152,2.9,3.6,0,25.7,268.308
198,4.7,20.8,0,33.7,3294.512
108,7.1,3,0,22.6,481.38
0,5.2,0,0,-2.9,0
36,6.9,20.6,0,20.1,2857.014
0,4.7,0,0,6.4,0
266,3.5,53.3,0,25.3,4719.715
0,5.2,0,0,-2.9,0
113,4.3,11.2,130,-3.3,-28.928
55,5.1,0.8,0,29.8,121.584
0,6.4,0,0,-4.8,0
0,5.2,0,0,-2.9,0
0,4.7,0,0,6.4,0
0,3.7,0,0,8.7,0
0,3.7,0,0,8.7,0
0,4.7,0,0,6.4,0
0,4.7,0,0,6.4,0
34,3.1,19.1,0,24.9,1474.329
47,4.2,29.5,0,25.4,3147.06
43,8,4.1,0,27.2,892.16
0,4.7,0,0,6.4,0
35,3,14,0,21.2,890.4
0,3.9,0,0,-2.1,0
47,3.6,0,0,28.7,0
0,4.7,0,0,6.4,0
82,4.2,10.9,0,29.7,1359.666
0,4.5,0,0,-2.8,0
91,2.5,29.2,0,24.4,1781.2
42,4.1,0,0,25,0
0,3.9,0,0,-2.1,0
0,2.5,0,0,6.7,0
0,3.7,0,0,8.7,0
0,6.4,0,0,-4.8,0
78,4.2,29.5,0,25.4,3147.06
40,3.4,3,0,28,285.6
0,3.7,0,0,8.7,0
36,4.9,6.4,0,21.4,671.104
48,5.3,2.5,58,-10.1,-75.825
0,3.7,0,0,8.7,0
0,5.4,0,0,-2.8,0
0,2.5,0,0,6.7,0
58,2.5,29.2,0,24.4,1781.2
37,3,0.3,3,-6.3,-2.67
0,3.7,0,0,8.7,0
0,2.5,0,0,6.7,0
35,4.3,11.2,130,-3.3,-28.928
75,5.1,21.3,0,28.6,3106.818
0,6.4,0,0,-4.8,0
97,3.1,19.1,0,24.9,1474.329
73,2.6,16.8,0,24.9,1087.632
60,1.7,12.7,163,-0.3,156.523
0,3.7,0,0,8.7,0
0,2.5,0,0,6.7,0
0,4.7,0,0,6.4,0
32,2.6,0,0,31.4,0
0,4.5,0,0,-3.6,0
40,4.9,0,0,-15.6,0
65,4.6,3,43,-6.4,-45.32
46,4.7,24.6,0,18.5,2138.97
174,5.1,21.3,0,28.6,3106.818
106,5.2,23.9,0,25.8,3206.424
49,3.7,14.2,0,22.6,1187.404
61,4.7,20.8,0,33.7,3294.512
40,3,8.9,0,31.3,835.71
0,5.4,0,0,-2.8,0
0,4.5,0,0,-3.6,0
149,4.7,24.6,0,18.5,2138.97
75,7.2,3.8,0,26.5,725.04
0,2.5,0,0,6.7,0
314,7.8,18.5,0,26.1,3766.23
32,1.9,4.8,0,24.2,220.704
0,4.5,0,0,-2.8,0
0,4.5,0,0,-3.6,0
67,3.6,10.2,0,26.3,965.736
33,4.3,11.2,130,-3.3,-28.928
51,4.6,1.8,0,25.3,209.484
37,3.8,7.4,0,20.3,570.836
53,4.6,1.8,0,25.3,209.484
0,4.7,0,0,6.4,0
0,2.5,0,0,6.7,0
0,5.4,0,0,-2.8,0
0,3.3,0.3,0,2.2,2.178
0,5.4,0,0,-2.8,0
186,4.7,24.6,0,18.5,2138.97
93,5.7,40.6,0,20.2,4674.684
0,3.3,0.3,0,2.2,2.178
101,3.1,19.1,0,24.9,1474.329
0,2.5,0,0,6.7,0
0,5.4,0,0,-2.8,0
0,3.9,0,0,-2.1,0
0,4.7,0,0,6.4,0
366,2.6,16.8,0,24.9,1087.632
0,5.2,0,0,-2.9,0
66,7.6,4.8,0,8.4,306.432
41,7.2,3.8,0,26.5,725.04
32,3.5,53.3,0,25.3,4719.715
0,4.5,0,0,-2.8,0
0,6.4,0,0,-4.8,0
90,5.7,40.6,0,20.2,4674.684
0,4.7,0,0,6.4,0
0,4.7,0,0,6.4,0
0,4.7,0,0,6.4,0
0,3.9,0,0,-2.1,0
75,2.2,10.9,0,24.3,582.714
0,4.5,0,0,-2.8,0
0,4.7,0,0,6.4,0
0,3.9,0,0,-2.1,0
561,4.6,1.8,0,25.3,209.484
0,4.7,0,0,6.4,0
0,2.5,0,0,6.7,0
0,3.3,0.3,0,2.2,2.178
95,3,46.2,0,23.4,3243.24
0,4.7,0,0,6.4,0
56,4.2,3.3,30,-11.3,-126.618
0,2.5,0,0,6.7,0
68,5.7,40.6,0,20.2,4674.684
0,4.7,0,0,6.4,0
0,4.7,0,0,6.4,0
60,4.6,1.8,0,25.3,209.484
0,3.9,0,0,-2.1,0
0,2.5,0,0,6.7,0
0,3.7,0,0,8.7,0
0,4.7,0,0,6.4,0
0,4.7,0,0,6.4,0
30,2.5,29.2,0,24.4,1781.2
68,2.5,29.2,0,24.4,1781.2
50,5.1,21.3,0,28.6,3106.818
278,5.1,21.3,0,28.6,3106.818
0,6.4,0,0,-4.8,0
0,4.5,0,0,-2.8,0
0,3.7,0,0,8.7,0
0,4.5,0,0,-3.6,0
0,4.7,0,0,6.4,0
195,4.2,29.5,0,25.4,3147.06
0,3.7,0,0,8.7,0
0,2.5,0,0,6.7,0
0,4.7,0,0,6.4,0
54,4.2,3.3,30,-11.3,-126.618
38,10.2,3.8,43,1.6,105.016
0,4.7,0,0,6.4,0
40,3.6,10.2,0,26.3,965.736
137,5.1,0.8,0,29.8,121.584
0,2.5,0,0,6.7,0
52,3.1,19.1,0,24.9,1474.329
0,4.7,0,0,6.4,0
38,3.5,2.5,0,-0.8,-7
0,6.4,0,0,-4.8,0
0,4.7,0,0,6.4,0
0,5.4,0,0,-2.8,0
58,5.1,0.8,0,29.8,121.584
30,2.1,2,0,27.4,115.08
58,7.2,0,0,21.7,0
37,2.9,0,0,30.1,0
0,2.9,4.8,0,3.6,50.112
74,3.2,0,0,18.2,0
0,5.4,0,0,-2.8,0
51,7.2,3.8,0,26.5,725.04
0,4.5,0,0,-2.8,0
34,2.1,2,0,27.4,115.08
0,6.4,0,0,-4.8,0
0,4.7,0,0,6.4,0
0,4.5,0,0,-3.6,0
131,8,0.5,8,1.8,15.2
88,3.5,53.3,0,25.3,4719.715
0,2.5,0,0,6.7,0
0,2.5,0,0,6.7,0
54,5.3,9.7,0,28.7,1475.467
0,2.5,0,0,6.7,0
52,2.9,3.6,0,25.7,268.308
80,3.6,10.2,0,26.3,965.736
48,4,22.1,0,25.2,2227.68
35,3,0.3,3,-6.3,-2.67
0,5.2,0,0,-2.9,0
0,2.5,0,0,6.7,0
36,3.6,10.2,0,26.3,965.736
136,4.2,29.5,0,25.4,3147.06
36,3,46.2,0,23.4,3243.24
0,4.5,0,0,-2.8,0
31,4.6,1.8,0,25.3,209.484
0,3.7,0,0,8.7,0
0,4.5,0,0,-2.8,0
0,6.4,0,0,-4.8,0
32,1.7,12.7,163,-0.3,156.523
0,2.5,0,0,6.7,0
0,3.9,0,0,-2.1,0
44,3.5,53.3,0,25.3,4719.715
119,5.2,23.9,0,25.8,3206.424
55,3,14,0,21.2,890.4
50,3,8.9,0,31.3,835.71
0,2.9,4.8,0,3.6,50.112
0,3.7,0,0,8.7,0
133,5.2,23.9,0,25.8,3206.424
49,6.5,81.3,0,28.3,14955.135
0,2.5,0,0,6.7,0
42,5.1,0.8,0,29.8,121.584
0,3.7,0,0,8.7,0
0,2.9,4.8,0,3.6,50.112
0,4.7,0,0,6.4,0
0,5.4,0,0,-2.8,0
0,6.4,0,0,-4.8,0
31,3,0.8,0,31.4,75.36
30,3.5,2.5,0,-0.8,-7
140,3,46.2,0,23.4,3243.24
0,2.5,0,0,6.7,0
49,5.3,9.7,0,28.7,1475.467
0,5.4,0,0,-2.8,0
36,4.6,1.8,0,25.3,209.484
0,4.5,0,0,-3.6,0
104,7.2,3.8,0,26.5,725.04
0,6.4,0,0,-4.8,0
0,4.7,0,0,6.4,0
0,4.7,0,0,6.4,0
0,4.5,0,0,-3.6,0
0,2.9,4.8,0,3.6,50.112
63,6.5,81.3,0,28.3,14955.135
0,3.3,0.3,0,2.2,2.178
47,7.6,4.8,0,8.4,306.432
0,3.7,0,0,8.7,0
0,4.7,0,0,6.4,0
90,3.7,3,0,25.4,281.94
97,7.2,3.8,0,26.5,725.04
59,5.1,21.3,0,28.6,3106.818
63,4.7,20.8,0,33.7,3294.512
40,3.4,3,0,28,285.6
0,3.7,0,0,8.7,0
0,4.5,0,0,-3.6,0
38,3.1,19.1,0,24.9,1474.329
108,5.6,0,0,30.3,0
0,4.7,0,0,6.4,0
60,3,8.9,0,31.3,835.71
35,3,46.2,0,23.4,3243.24
70,3,46.2,0,23.4,3243.24
70,4.1,0,0,1.2,0
0,5.2,0,0,-2.9,0
0,2.5,0,0,6.7,0
0,3.7,0,0,8.7,0
0,4.7,0,0,6.4,0
51,4.6,1.8,0,25.3,209.484
60,7.6,4.8,0,8.4,306.432
0,2.5,0,0,6.7,0
0,4.5,0,0,-3.6,0
31,5.1,21.3,0,28.6,3106.818
30,4.7,24.6,0,18.5,2138.97
0,3.7,0,0,8.7,0
0,6.4,0,0,-4.8,0
44,7.1,3,0,22.6,481.38
0,2.5,0,0,6.7,0
84,5.1,21.3,0,28.6,3106.818
102,3.7,3,0,25.4,281.94
0,5.4,0,0,-2.8,0
0,4.5,0,0,-3.6,0
39,2.9,3.6,0,25.7,268.308
0,5.4,0,0,-2.8,0
31,5.3,9.7,0,28.7,1475.467
47,4.9,0,0,22.2,0
0,3.9,0,0,-2.1,0
74,2.7,30.7,0,18.1,1500.309
77,3.5,53.3,0,25.3,4719.715
0,2.5,0,0,6.7,0
47,2.5,29.2,0,24.4,1781.2
0,2.9,4.8,0,3.6,50.112
127,3,46.2,0,23.4,3243.24
0,3.7,0,0,8.7,0
0,4.5,0,0,-2.8,0
0,3.7,0,0,8.7,0
55,3,46.2,0,23.4,3243.24
0,3.7,0,0,8.7,0
0,4.5,0,0,-2.8,0
94,3,28.2,0,29.2,2470.32
0,2.5,0,0,6.7,0
57,4.2,29.5,0,25.4,3147.06
5,4.5,0,0,-2.8,0
226,5.1,21.3,0,28.6,3106.818
39,2.1,2,0,27.4,115.08
39,6.5,81.3,0,28.3,14955.135
32,2.1,1,10,-2.5,4.75
0,4.5,0,0,-2.8,0
0,2.5,0,0,6.7,0
0,4.7,0,0,6.4,0
83,3.9,2,0,25.9,202.02
0,2.5,0,0,6.7,0
0,5.4,0,0,-2.8,0
53,1.7,12.7,163,-0.3,156.523
0,2.5,0,0,6.7,0
39,6.9,20.6,0,20.1,2857.014
0,3.9,0,0,-2.1,0
0,4.5,0,0,-3.6,0
38,4.6,1.3,0,3.2,19.136
0,4.7,0,0,6.4,0
0,4.7,0,0,6.4,0
0,2.5,0,0,6.7,0
39,5.2,0,0,-2.9,0
0,4.5,0,0,-3.6,0
13,5.2,0,0,-2.9,0
43,7.6,4.8,0,8.4,306.432
130,3,28.2,0,29.2,2470.32
31,5.1,0.8,0,29.8,121.584
76,2.6,0,0,31.4,0
0,4.7,0,0,6.4,0
0,2.5,0,0,6.7,0
0,4.7,0,0,6.4,0
0,5.2,0,0,-2.9,0
0,6.4,0,0,-4.8,0
75,3,28.2,0,29.2,2470.32
0,5.2,0,0,-2.9,0
0,3.3,0.3,0,2.2,2.178
36,5.1,21.3,0,28.6,3106.818
0,2.5,0,0,6.7,0
47,5.3,2.5,58,-10.1,-75.825
0,4.5,0,0,-3.6,0
33,3,8.9,0,31.3,835.71
0,6.4,0,0,-4.8,0
78,4.8,0,0,25,0
97,3.1,19.1,0,24.9,1474.329
0,2.5,0,0,6.7,0
0,3.3,0.3,0,2.2,2.178
0,4.7,0,0,6.4,0
0,4.7,0,0,6.4,0
0,3.9,0,0,-2.1,0
51,3,14,0,21.2,890.4
243,4.7,20.8,0,33.7,3294.512
0,2.5,0,0,6.7,0
0,2.5,0,0,6.7,0
0,4.7,0,0,6.4,0
0,4.7,0,0,6.4,0
0,3.7,0,0,8.7,0
0,4.5,0,0,-3.6,0
0,3.7,0,0,8.7,0
123,4.8,0,0,25,0
179,4.7,20.8,0,33.7,3294.512
0,4.7,0,0,6.4,0
64,3.5,33.3,0,22.1,2575.755
63,2.9,3.6,0,25.7,268.308
0,5.4,0,0,-2.8,0
89,5.7,40.6,0,20.2,4674.684
0,6.4,0,0,-4.8,0
0,2.5,0,0,6.7,0
82,7.1,3,0,22.6,481.38
205,3,46.2,0,23.4,3243.24
0,6.4,0,0,-4.8,0
0,2.5,0,0,6.7,0
91,4.8,0,0,25,0
83,4.7,20.8,0,33.7,3294.512
34,5.3,2.5,58,-10.1,-75.825
46,4.7,24.6,0,18.5,2138.97
0,2.5,0,0,6.7,0
4,4.5,0,0,-2.8,0
33,7.6,4.8,0,8.4,306.432
77,3,46.2,0,23.4,3243.24
384,2.5,29.2,0,24.4,1781.2
0,3.7,0,0,8.7,0
65,5.1,21.3,0,28.6,3106.818
38,5.3,9.7,0,28.7,1475.467
110,7.8,18.5,0,26.1,3766.23
33,5.9,0,0,16.3,0
0,4.5,0,0,-2.8,0
0,3.3,0.3,0,2.2,2.178
0,4.5,0,0,-2.8,0
35,3,46.2,0,23.4,3243.24
31,4.2,10.9,0,29.7,1359.666
42,4.6,1.8,0,25.3,209.484
38,3,46.2,0,23.4,3243.24
38,3,0.8,0,31.4,75.36
49,6.9,20.6,0,20.1,2857.014
35,4.6,3,43,-6.4,-45.32
0,5.2,0,0,-2.9,0
30,4.7,24.6,0,18.5,2138.97
0,5.2,0,0,-2.9,0
9,5.2,0,0,-2.9,0
40,4.3,2.8,79,-14.9,-100.396
0,2.5,0,0,6.7,0
57,2.6,0,0,31.4,0
0,4.7,0,0,6.4,0
36,2.5,29.2,0,24.4,1781.2
0,2.5,0,0,6.7,0
0,2.5,0,0,6.7,0
162,5.9,0,0,16.3,0
59,5.3,2.5,58,-10.1,-75.825
0,3.3,0.3,0,2.2,2.178
80,2.9,0,0,2.7,0
36,6.9,20.6,0,20.1,2857.014
92,5.1,21.3,0,28.6,3106.818
0,4.5,0,0,-2.8,0
0,6.4,0,0,-4.8,0
262,4.9,0,0,22.2,0
57,3.6,0,0,28.7,0
0,5.4,0,0,-2.8,0
104,3.5,53.3,0,25.3,4719.715
62,2.9,3.6,0,25.7,268.308
96,4,22.1,0,25.2,2227.68
33,2.9,10.2,0,22.2,656.676
0,2.5,0,0,6.7,0
53,3.5,53.3,0,25.3,4719.715
39,7.6,4.8,0,8.4,306.432
0,4.7,0,0,6.4,0
190,3,46.2,0,23.4,3243.24
32,4.2,3.3,30,-11.3,-126.618
33,3.7,3,0,25.4,281.94
0,3.7,0,0,8.7,0
121,7.8,18.5,0,26.1,3766.23
0,3.7,0,0,8.7,0
63,4.6,1.8,0,25.3,209.484
48,5.1,21.3,0,28.6,3106.818
74,2.6,0,0,31.4,0
0,2.5,0,0,6.7,0
0,2.5,0,0,6.7,0
35,4.7,0.5,10,-4.6,-0.81
60,3.5,33.3,0,22.1,2575.755
60,3.6,10.2,0,26.3,965.736
122,5.7,40.6,0,20.2,4674.684
32,3.4,3,0,28,285.6
0,4.5,0,0,-3.6,0
34,6.9,20.6,0,20.1,2857.014
0,4.5,0,0,-3.6,0
31,3.9,3,69,-6.6,-8.22
0,5.2,0,0,-2.9,0
0,3.3,0.3,0,2.2,2.178
0,3.3,0.3,0,2.2,2.178
87,5.7,0.8,13,-11.5,-39.44
82,3.5,53.3,0,25.3,4719.715
76,4.7,24.6,0,18.5,2138.97
0,2.9,4.8,0,3.6,50.112
208,2.5,29.2,0,24.4,1781.2
103,7.2,3.8,0,26.5,725.04
315,4.2,10.9,0,29.7,1359.666
44,3,0.3,3,-6.3,-2.67
35,6.9,20.6,0,20.1,2857.014
37,6.5,81.3,0,28.3,14955.135
0,3.7,0,0,8.7,0
0,2.5,0,0,6.7,0
118,3.6,10.2,0,26.3,965.736
0,3.9,0,0,-2.1,0
0,2.5,0,0,6.7,0
0,3.3,0.3,0,2.2,2.178
106,5.1,21.3,0,28.6,3106.818
0,3.3,0.3,0,2.2,2.178
136,5.2,23.9,0,25.8,3206.424
0,4.7,0,0,6.4,0
206,4.2,10.9,0,29.7,1359.666
0,3.3,0.3,0,2.2,2.178
77,2.9,3.6,0,25.7,268.308
0,3.7,0,0,8.7,0
0,4.7,0,0,6.4,0
0,2.5,0,0,6.7,0
64,3.4,3,0,28,285.6
135,5,14.5,0,16.4,1189
139,5.9,0,0,16.3,0
0,3.3,0.3,0,2.2,2.178
0,4.7,0,0,6.4,0
502,7.2,3.8,0,26.5,725.04
0,3.7,0,0,8.7,0
35,4.1,26.2,0,27.2,2921.824
31,3,46.2,0,23.4,3243.24
0,4.5,0,0,-2.8,0
0,5.2,0,0,-2.9,0
78,3.5,53.3,0,25.3,4719.715
0,5.2,0,0,-2.9,0
0,5.4,0,0,-2.8,0
76,3.4,3,0,28,285.6
0,6.4,0,0,-4.8,0
19,5.2,0,0,-2.9,0
0,3.7,0,0,8.7,0
87,3,14,0,21.2,890.4
64,7.2,3.8,0,26.5,725.04
40,4.6,3,43,-6.4,-45.32
116,4.2,10.9,0,29.7,1359.666
0,5.4,0,0,-2.8,0
0,5.2,0,0,-2.9,0
90,8,4.1,0,27.2,892.16
135,7.8,18.5,0,26.1,3766.23
49,1.7,12.7,163,-0.3,156.523
0,4.7,0,0,6.4,0
34,4.2,10.9,0,29.7,1359.666
44,3,28.2,0,29.2,2470.32
0,4.7,0,0,6.4,0
0,4.5,0,0,-2.8,0
163,3,28.2,0,29.2,2470.32
0,2.5,0,0,6.7,0
39,5.1,0.8,0,29.8,121.584
30,3.4,3,0,28,285.6
0,3.3,0.3,0,2.2,2.178
0,6.4,0,0,-4.8,0
79,3,46.2,0,23.4,3243.24
0,4.5,0,0,-3.6,0
0,3.3,0.3,0,2.2,2.178
130,6.5,81.3,0,28.3,14955.135
207,10.3,10.7,0,21.8,2402.578
0,2.5,0,0,6.7,0
0,5.2,0,0,-2.9,0
30,6.7,27.7,0,2.8,519.652
0,2.5,0,0,6.7,0
52,5.4,13,0,7.3,512.46
0,4.5,0,0,-3.6,0
52,4.6,1.5,0,25.4,175.26
0,5.2,0,0,-2.9,0
0,6.4,0,0,-4.8,0
0,2.9,4.8,0,3.6,50.112
48,4.7,24.6,0,18.5,2138.97
0,2.5,0,0,6.7,0
0,2.9,4.8,0,3.6,50.112
0,4.7,0,0,6.4,0
0,4.5,0,0,-2.8,0
0,3.7,0,0,8.7,0
58,4.7,20.8,0,33.7,3294.512
0,3.7,0,0,8.7,0
68,3,0.3,3,-6.3,-2.67
0,2.5,0,0,6.7,0
0,4.7,0,0,6.4,0
98,3,46.2,0,23.4,3243.24
0,3.7,0,0,8.7,0
64,4.6,1.8,0,25.3,209.484
55,4.3,2.8,79,-14.9,-100.396
34,4.6,3,43,-6.4,-45.32
0,4.5,0,0,-3.6,0
42,3,0.8,0,31.4,75.36
0,5.4,0,0,-2.8,0
0,5.4,0,0,-2.8,0
0,5.4,0,0,-2.8,0
0,6.4,0,0,-4.8,0
0,2.5,0,0,6.7,0
0,5.2,0,0,-2.9,0
0,4.7,0,0,6.4,0
41,3.6,10.2,0,26.3,965.736
59,2.5,29.2,0,24.4,1781.2
0,4.7,0,0,6.4,0
0,3.7,0,0,8.7,0
55,2.9,3.6,0,25.7,268.308
0,2.9,4.8,0,3.6,50.112
0,4.5,0,0,-3.6,0
0,4.7,0,0,6.4,0
103,4,0,0,-12.6,0
38,3,28.2,0,29.2,2470.32
0,4.7,0,0,6.4,0
34,3,8.9,0,31.3,835.71
0,5.4,0,0,-2.8,0
33,2.1,1,10,-2.5,4.75
0,2.9,4.8,0,3.6,50.112
67,6.4,0,0,19.2,0
36,2.6,16.8,0,24.9,1087.632
0,6.4,0,0,-4.8,0
34,4.3,11.2,130,-3.3,-28.928
0,4.5,0,0,-2.8,0
0,2.5,0,0,6.7,0
0,3.3,0.3,0,2.2,2.178
0,4.5,0,0,-3.6,0
0,5.4,0,0,-2.8,0
0,4.7,0,0,6.4,0
0,6.4,0,0,-4.8,0
0,4.7,0,0,6.4,0
0,2.5,0,0,6.7,0
0,4.7,0,0,6.4,0
32,4.2,29.5,0,25.4,3147.06
0,4.7,0,0,6.4,0
43,5.3,9.7,0,28.7,1475.467
0,4.7,0,0,6.4,0
0,3.7,0,0,8.7,0
78,10.3,10.7,0,21.8,2402.578
110,7.2,3.8,0,26.5,725.04
96,7.6,2.5,25,-2.1,-14.9
0,2.5,0,0,6.7,0
0,4.7,0,0,6.4,0
40,4.6,1.8,0,25.3,209.484
0,4.7,0,0,6.4,0
128,3,46.2,0,23.4,3243.24
167,5.1,0.8,0,29.8,121.584
0,3.7,0,0,8.7,0
0,4.5,0,0,-3.6,0
173,2.9,3.6,0,25.7,268.308
0,3.9,0,0,-2.1,0
0,3.7,0,0,8.7,0
43,3,46.2,0,23.4,3243.24
0,4.7,0,0,6.4,0
108,2.5,29.2,0,24.4,1781.2
0,2.5,0,0,6.7,0
0,4.7,0,0,6.4,0
52,4.9,0,0,22.2,0
0,6.4,0,0,-4.8,0
0,2.5,0,0,6.7,0
40,5.9,0,0,16.3,0
60,4.3,2.8,79,-14.9,-100.396
0,3.7,0,0,8.7,0
0,2.5,0,0,6.7,0
0,5.2,0,0,-2.9,0
149,5.1,21.3,0,28.6,3106.818
0,5.2,0,0,-2.9,0
0,2.5,0,0,6.7,0
32,4.6,1.8,0,25.3,209.484
0,2.9,4.8,0,3.6,50.112
0,5.2,0,0,-2.9,0
0,4.7,0,0,6.4,0
33,1.7,12.7,163,-0.3,156.523
0,4.7,0,0,6.4,0
0,5.4,0,0,-2.8,0
34,6.9,20.6,0,20.1,2857.014
86,4.2,29.5,0,25.4,3147.06
0,4.7,0,0,6.4,0
0,4.5,0,0,-2.8,0
131,5.2,23.9,0,25.8,3206.424
36,4.2,3.3,30,-11.3,-126.618
85,2.5,29.2,0,24.4,1781.2
0,3.7,0,0,8.7,0
64,5,14.5,0,16.4,1189
0,3.7,0,0,8.7,0
32,6.5,81.3,0,28.3,14955.135
32,6.5,81.3,0,28.3,14955.135
0,2.5,0,0,6.7,0
256,4.7,20.8,0,33.7,3294.512
79,2.6,0,0,31.4,0
0,3.7,0,0,8.7,0
36,6.5,81.3,0,28.3,14955.135
0,2.5,0,0,6.7,0
41,4.6,1.8,0,25.3,209.484
0,2.9,4.8,0,3.6,50.112
0,4.7,0,0,6.4,0
87,2.6,16.8,0,24.9,1087.632
0,4.5,0,0,-2.8,0
57,2.6,16.8,0,24.9,1087.632
0,4.7,0,0,6.4,0
0,3.3,0.3,0,2.2,2.178
0,3.9,0,0,-2.1,0
0,3.3,0.3,0,2.2,2.178
48,2.5,29.2,0,24.4,1781.2
0,4.5,0,0,-2.8,0
0,3.3,0.3,0,2.2,2.178
0,5.4,0,0,-2.8,0
0,5.4,0,0,-2.8,0
76,6.5,81.3,0,28.3,14955.135
61,7.2,3.8,0,26.5,725.04
0,2.5,0,0,6.7,0
152,4.2,29.5,0,25.4,3147.06
0,5.4,0,0,-2.8,0
0,6.4,0,0,-4.8,0
142,4.7,24.6,0,18.5,2138.97
33,2.6,16.8,0,24.9,1087.632
36,3.5,33.3,0,22.1,2575.755
145,4.2,29.5,0,25.4,3147.06
0,4.5,0,0,-2.8,0
0,4.7,0,0,6.4,0
30,5.7,40.6,0,20.2,4674.684
327,4.6,1.5,0,25.4,175.26
0,2.5,0,0,6.7,0
0,2.5,0,0,6.7,0
0,4.7,0,0,6.4,0
0,5.2,0,0,-2.9,0
88,4.6,1.8,0,25.3,209.484
0,4.7,0,0,6.4,0
0,4.5,0,0,-2.8,0
0,2.5,0,0,6.7,0
78,6.5,81.3,0,28.3,14955.135
86,7.2,3.8,0,26.5,725.04
62,2.6,16.8,0,24.9,1087.632
64,4.6,1.5,0,25.4,175.26
32,4.2,3.3,30,-11.3,-126.618
217,5.2,23.9,0,25.8,3206.424
57,1.7,12.7,163,-0.3,156.523
0,4.7,0,0,6.4,0
0,5.2,0,0,-2.9,0
0,4.7,0,0,6.4,0
0,4.5,0,0,-3.6,0
0,4.7,0,0,6.4,0
0,6.4,0,0,-4.8,0
0,2.5,0,0,6.7,0
38,2.6,16.8,0,24.9,1087.632
0,4.7,0,0,6.4,0
0,2.5,0,0,6.7,0
43,3.6,10.2,0,26.3,965.736
0,2.5,0,0,6.7,0
0,5.4,0,0,-2.8,0
61,2.5,29.2,0,24.4,1781.2
0,6.4,0,0,-4.8,0
36,3.6,10.2,0,26.3,965.736
0,3.7,0,0,8.7,0
0,6.4,0,0,-4.8,0
0,4.7,0,0,6.4,0
313,5.1,21.3,0,28.6,3106.818
0,2.5,0,0,6.7,0
0,2.5,0,0,6.7,0
66,4.9,0,0,22.2,0
284,,,,,0
100,4.6,1.8,0,25.3,209.484
0,3.3,0.3,0,2.2,2.178
0,3.9,0,0,-2.1,0
41,5.7,40.6,0,20.2,4674.684
0,3.7,0,0,8.7,0
0,3.7,0,0,8.7,0
48,7.3,0.3,3,-10,-18.9
0,2.5,0,0,6.7,0
59,10.2,3.8,43,1.6,105.016
61,7.1,3,0,22.6,481.38
0,4.7,0,0,6.4,0
0,4.5,0,0,-3.6,0
50,7.6,2.5,25,-2.1,-14.9
0,5.4,0,0,-2.8,0
0,4.5,0,0,-3.6,0
0,2.5,0,0,6.7,0
59,2.1,2,0,27.4,115.08
0,2.5,0,0,6.7,0
85,3,46.2,0,23.4,3243.24
0,5.4,0,0,-2.8,0
0,2.5,0,0,6.7,0
0,4.7,0,0,6.4,0
58,3.5,33.3,0,22.1,2575.755
52,4.7,24.6,0,18.5,2138.97
56,7.6,4.8,0,8.4,306.432
0,2.5,0,0,6.7,0
0,3.9,0,0,-2.1,0
141,3,8.9,0,31.3,835.71
141,4.7,20.8,0,33.7,3294.512
0,4.7,0,0,6.4,0
0,6.4,0,0,-4.8,0
0,3.7,0,0,8.7,0
38,3.6,10.2,0,26.3,965.736
0,3.9,0,0,-2.1,0
0,3.3,0.3,0,2.2,2.178
0,4.7,0,0,6.4,0
113,4.2,29.5,0,25.4,3147.06
0,2.5,0,0,6.7,0
0,6.4,0,0,-4.8,0
0,3.9,0,0,-2.1,0
30,5.3,9.7,0,28.7,1475.467
0,4.7,0,0,6.4,0
0,3.7,0,0,8.7,0
39,3,46.2,0,23.4,3243.24
65,3.6,10.2,0,26.3,965.736
107,4.7,20.8,0,33.7,3294.512
63,3,8.9,0,31.3,835.71
31,5.3,9.7,0,28.7,1475.467
0,4.5,0,0,-3.6,0
0,2.5,0,0,6.7,0
50,2.6,16.8,0,24.9,1087.632
0,3.3,0.3,0,2.2,2.178
119,5.2,23.9,0,25.8,3206.424
0,3.7,0,0,8.7,0
0,2.5,0,0,6.7,0
0,3.7,0,0,8.7,0
0,6.4,0,0,-4.8,0
39,3,8.9,0,31.3,835.71
50,3.5,33.3,0,22.1,2575.755
0,4.7,0,0,6.4,0
35,4.3,11.2,130,-3.3,-28.928
0,5.4,0,0,-2.8,0
0,4.7,0,0,6.4,0
70,9.6,0,0,16.1,0
0,3.3,0.3,0,2.2,2.178
0,3.7,0,0,8.7,0
0,4.7,0,0,6.4,0
0,2.5,0,0,6.7,0
0,6.4,0,0,-4.8,0
34,2.5,29.2,0,24.4,1781.2
55,3,46.2,0,23.4,3243.24
0,4.7,0,0,6.4,0
38,2.9,0,0,30.1,0
0,2.5,0,0,6.7,0
85,3,14,0,21.2,890.4
0,2.5,0,0,6.7,0
64,5.6,2,0,20.6,230.72
325,4.1,26.2,0,27.2,2921.824
0,2.5,0,0,6.7,0
0,6.4,0,0,-4.8,0
43,2.9,3.6,0,25.7,268.308
0,5.2,0,0,-2.9,0
0,3.7,0,0,8.7,0
158,4.6,1.8,0,25.3,209.484
0,2.9,4.8,0,3.6,50.112
0,2.5,0,0,6.7,0
0,5.2,0,0,-2.9,0
72,7.2,3.8,0,26.5,725.04
44,3.7,14.2,0,22.6,1187.404
0,2.5,0,0,6.7,0
0,5.2,0,0,-2.9,0
0,3.9,0,0,-2.1,0
35,4.7,24.6,0,18.5,2138.97
66,4.6,1.8,0,25.3,209.484
0,3.9,0,0,-2.1,0
118,4.7,24.6,0,18.5,2138.97
85,2.9,0,0,30.1,0
0,4.7,0,0,6.4,0
0,6.4,0,0,-4.8,0
141,4.6,1.8,0,25.3,209.484
0,3.9,0,0,-2.1,0
68,5.9,14.7,0,21.7,1882.041
0,3.7,0,0,8.7,0
0,3.7,0,0,8.7,0
59,2.9,0,0,30.1,0
39,3,8.9,0,31.3,835.71
0,2.5,0,0,6.7,0
0,3.3,0.3,0,2.2,2.178
0,4.7,0,0,6.4,0
0,2.5,0,0,6.7,0
0,4.5,0,0,-2.8,0
0,3.3,0.3,0,2.2,2.178
0,3.9,0,0,-2.1,0
0,2.5,0,0,6.7,0
34,4.4,6.9,43,2.8,128.008
0,5.2,0,0,-2.9,0
40,4.7,24.6,0,18.5,2138.97
49,2.6,0,0,31.4,0
65,6.5,81.3,0,28.3,14955.135
71,3,46.2,0,23.4,3243.24
0,4.7,0,0,6.4,0
106,2.2,0,0,26.9,0
50,3,8.9,0,31.3,835.71
66,3,14,0,21.2,890.4
34,5.1,0.8,0,29.8,121.584
0,2.5,0,0,6.7,0
49,3,46.2,0,23.4,3243.24
215,2.6,0,0,31.4,0
75,4.2,10.9,0,29.7,1359.666
0,3.9,0,0,-2.1,0
0,6.4,0,0,-4.8,0
0,3.7,0,0,8.7,0
0,4.7,0,0,6.4,0
0,2.5,0,0,6.7,0
0,4.5,0,0,-2.8,0
37,5.1,20.1,0,1.4,143.514
0,3.9,0,0,-2.1,0
0,3.7,0,0,8.7,0
0,3.9,0,0,-2.1,0
0,3.9,0,0,-2.1,0
0,4.5,0,0,-3.6,0
0,3.3,0.3,0,2.2,2.178
0,2.5,0,0,6.7,0
0,3.9,0,0,-2.1,0
83,5.1,21.3,0,28.6,3106.818
49,3.7,3,0,25.4,281.94
32,4.6,3,43,-6.4,-45.32
180,2.5,29.2,0,24.4,1781.2
44,4,0,0,22.4,0
31,7.7,9.9,0,15.4,1173.942
83,2.2,10.9,0,24.3,582.714
31,5.3,2.5,58,-10.1,-75.825
77,6.5,81.3,0,28.3,14955.135
0,3.3,0.3,0,2.2,2.178
0,4.7,0,0,6.4,0
0,4.7,0,0,6.4,0
0,4.7,0,0,6.4,0
0,2.5,0,0,6.7,0
0,4.5,0,0,-3.6,0
0,2.5,0,0,6.7,0
57,2.9,3.6,0,25.7,268.308
34,2.6,16.8,0,24.9,1087.632
44,3,0.8,0,31.4,75.36
0,3.9,0,0,-2.1,0
0,3.9,0,0,-2.1,0
0,4.7,0,0,6.4,0
0,5.4,0,0,-2.8,0
0,4.7,0,0,6.4,0
0,2.5,0,0,6.7,0
54,2.9,3.6,0,25.7,268.308
92,4.2,29.5,0,25.4,3147.06
0,3.7,0,0,8.7,0
0,3.3,0.3,0,2.2,2.178
0,4.7,0,0,6.4,0
41,4.7,24.6,0,18.5,2138.97
0,2.5,0,0,6.7,0
58,2.6,16.8,0,24.9,1087.632
0,3.3,0.3,0,2.2,2.178
48,1.7,12.7,163,-0.3,156.523
55,2.9,3.6,0,25.7,268.308
74,4.7,20.8,0,33.7,3294.512
56,4.2,29.5,0,25.4,3147.06
72,2.6,16.8,0,24.9,1087.632
0,2.5,0,0,6.7,0
44,3,8.9,0,31.3,835.71
34,4.2,3.3,30,-11.3,-126.618
0,4.7,0,0,6.4,0
0,5.2,0,0,-2.9,0
0,5.2,0,0,-2.9,0
85,10.3,10.7,0,21.8,2402.578
46,5.2,23.9,0,25.8,3206.424
0,4.7,0,0,6.4,0
37,2.9,3.6,0,25.7,268.308
0,3.3,0.3,0,2.2,2.178
60,7.1,3,0,22.6,481.38
0,5.4,0,0,-2.8,0
46,8,4.1,0,27.2,892.16
0,4.7,0,0,6.4,0
85,5.1,0.8,0,29.8,121.584
96,4.2,10.9,0,29.7,1359.666
31,3,8.9,0,31.3,835.71
0,4.5,0,0,-3.6,0
0,3.3,0.3,0,2.2,2.178
0,3.3,0.3,0,2.2,2.178
0,3.3,0.3,0,2.2,2.178
0,6.4,0,0,-4.8,0
0,4.5,0,0,-3.6,0
159,5.7,40.6,0,20.2,4674.684
49,5.3,0,0,16.2,0
0,4.7,0,0,6.4,0
0,3.9,0,0,-2.1,0
92,5.7,40.6,0,20.2,4674.684
38,4.6,1.8,0,25.3,209.484
90,2.6,16.8,0,24.9,1087.632
0,5.2,0,0,-2.9,0
0,5.2,0,0,-2.9,0
68,2.9,3.6,0,25.7,268.308
0,4.5,0,0,-3.6,0
32,4.8,0,0,25,0
0,4.5,0,0,-2.8,0
0,3.3,0.3,0,2.2,2.178
44,2.6,26.7,0,24.9,1728.558
0,4.5,0,0,-2.8,0
45,4.2,29.5,0,25.4,3147.06
0,3.7,0,0,8.7,0
746,7.2,0,0,3.3,0
0,2.5,0,0,6.7,0
0,3.9,0,0,-2.1,0
54,4.7,24.6,0,18.5,2138.97
0,3.9,0,0,-2.1,0
0,4.7,0,0,6.4,0
45,3.7,3,0,25.4,281.94
19,5.2,0,0,-2.9,0
0,4.7,0,0,6.4,0
0,5.4,0,0,-2.8,0
91,4.2,10.9,0,29.7,1359.666
0,3.7,0,0,8.7,0
0,5.2,0,0,-2.9,0
97,4.7,24.6,0,18.5,2138.97
0,3.7,0,0,8.7,0
0,3.9,0,0,-2.1,0
130,4.2,29.5,0,25.4,3147.06
0,3.9,0,0,-2.1,0
51,3.9,1.8,20,-1.1,12.278
37,6.9,20.6,0,20.1,2857.014
69,4.7,20.8,0,33.7,3294.512
162,2.9,0,0,30.1,0
40,2.1,2,0,27.4,115.08
0,4.7,0,0,6.4,0
0,3.3,0.3,0,2.2,2.178
87,6.5,81.3,0,28.3,14955.135
96,3.5,53.3,0,25.3,4719.715
32,2.1,2,0,27.4,115.08
106,5.1,0.8,0,29.8,121.584
0,5.2,0,0,-2.9,0
118,4.2,29.5,0,25.4,3147.06
0,5.4,0,0,-2.8,0
61,8.4,0,0,22.4,0
0,4.5,0,0,-3.6,0
0,4.5,0,0,-2.8,0
0,4.7,0,0,6.4,0
447,7.8,18.5,0,26.1,3766.23
0,2.5,0,0,6.7,0
0,6.4,0,0,-4.8,0
0,4.7,0,0,6.4,0
85,3.5,53.3,0,25.3,4719.715
0,3.9,0,0,-2.1,0
0,5.2,0,0,-2.9,0
9,5.2,0,0,-2.9,0
0,3.3,0.3,0,2.2,2.178
87,7.2,3.8,0,26.5,725.04
0,2.5,0,0,6.7,0
49,3,46.2,0,23.4,3243.24
174,2.5,29.2,0,24.4,1781.2
39,4.7,24.6,0,18.5,2138.97
0,5.4,0,0,-2.8,0
163,3,46.2,0,23.4,3243.24
0,2.5,0,0,6.7,0
84,5,2.8,0,26.7,373.8
65,5.1,0.8,0,29.8,121.584
34,4.9,6.4,0,21.4,671.104
33,4.2,10.9,0,29.7,1359.666
0,6.4,0,0,-4.8,0
0,4.5,0,0,-3.6,0
0,4.7,0,0,6.4,0
15,4.5,0,0,-2.8,0
83,4.2,10.9,0,29.7,1359.666
0,5.4,0,0,-2.8,0
87,2.6,16.8,0,24.9,1087.632
198,2.5,29.2,0,24.4,1781.2
43,5.9,0,0,16.3,0
131,3,46.2,0,23.4,3243.24
0,5.4,0,0,-2.8,0
166,4.7,24.6,0,18.5,2138.97
0,3.3,0.3,0,2.2,2.178
0,3.7,0,0,8.7,0
77,3,8.9,0,31.3,835.71
0,4.5,0,0,-3.6,0
0,2.5,0,0,6.7,0
0,2.5,0,0,6.7,0
0,4.5,0,0,-2.8,0
30,4.7,20.8,0,33.7,3294.512
0,4.7,0,0,6.4,0
0,4.5,0,0,-2.8,0
0,5.2,0,0,-2.9,0
0,6.4,0,0,-4.8,0
0,4.7,0,0,6.4,0
125,8.4,0,0,22.4,0
41,4.6,3,43,-6.4,-45.32
78,5.6,2,0,20.6,230.72
0,3.3,0.3,0,2.2,2.178
0,2.5,0,0,6.7,0
0,2.5,0,0,6.7,0
38,5.7,40.6,0,20.2,4674.684
59,2.9,3.6,0,25.7,268.308
123,1.7,12.7,163,-0.3,156.523
0,4.5,0,0,-2.8,0
49,3.6,10.2,0,26.3,965.736
56,2.9,3.6,0,25.7,268.308
0,4.5,0,0,-2.8,0
0,4.5,0,0,-3.6,0
0,3.9,0,0,-2.1,0
0,5.2,0,0,-2.9,0
36,4.6,3,43,-6.4,-45.32
0,2.5,0,0,6.7,0
0,4.7,0,0,6.4,0
76,2.6,0,0,31.4,0
0,6.4,0,0,-4.8,0
54,2.3,0,0,22.4,0
0,3.7,0,0,8.7,0
0,3.7,0,0,8.7,0
0,6.4,0,0,-4.8,0
69,3,46.2,0,23.4,3243.24
135,4.6,1.8,0,25.3,209.484
0,4.5,0,0,-3.6,0
0,3.7,0,0,8.7,0
47,4.7,24.6,0,18.5,2138.97
0,6.4,0,0,-4.8,0
0,3.3,0.3,0,2.2,2.178
315,4.2,29.5,0,25.4,3147.06
0,2.9,4.8,0,3.6,50.112
69,10.3,10.7,0,21.8,2402.578
39,2.9,0,0,30.1,0
36,3.6,10.2,0,26.3,965.736
7,5.2,0,0,-2.9,0
0,5.4,0,0,-2.8,0
0,5.4,0,0,-2.8,0
56,4.7,24.6,0,18.5,2138.97
62,4.2,10.9,0,29.7,1359.666
57,4.7,24.6,0,18.5,2138.97
0,4.7,0,0,6.4,0
42,3.6,10.2,0,26.3,965.736
35,5.6,2,0,20.6,230.72
0,3.7,0,0,8.7,0
5,4.5,0,0,-2.8,0
110,6.5,81.3,0,28.3,14955.135
0,4.5,0,0,-3.6,0
0,4.5,0,0,-2.8,0
0,3.9,0,0,-2.1,0
0,4.7,0,0,6.4,0
0,2.5,0,0,6.7,0
168,2.5,29.2,0,24.4,1781.2
0,2.5,0,0,6.7,0
0,4.7,0,0,6.4,0
0,4.5,0,0,-2.8,0
0,2.9,4.8,0,3.6,50.112
0,3.9,0,0,-2.1,0
0,5.2,0,0,-2.9,0
0,5.4,0,0,-2.8,0
0,2.5,0,0,6.7,0
0,4.7,0,0,6.4,0
0,5.2,0,0,-2.9,0
98,7.2,3.8,0,26.5,725.04
37,5.7,40.6,0,20.2,4674.684
0,2.5,0,0,6.7,0
87,4.7,20.8,0,33.7,3294.512
50,5.9,0,0,16.3,0
51,5.3,9.7,0,28.7,1475.467
0,2.5,0,0,6.7,0
38,4.7,24.6,0,18.5,2138.97
103,3.6,10.2,0,26.3,965.736
0,5.4,0,0,-2.8,0
53,2.9,3.6,0,25.7,268.308
59,2.6,16.8,0,24.9,1087.632
0,4.5,0,0,-3.6,0
81,2.9,3.6,0,25.7,268.308
41,1.9,4.8,0,24.2,220.704
45,4.7,24.6,0,18.5,2138.97
0,2.5,0,0,6.7,0
0,4.7,0,0,6.4,0
150,7.8,18.5,0,26.1,3766.23
53,1.7,12.7,163,-0.3,156.523
78,2.2,10.9,0,24.3,582.714
0,3.7,0,0,8.7,0
0,3.7,0,0,8.7,0
146,3.7,14.2,0,22.6,1187.404
0,3.7,0,0,8.7,0
0,2.5,0,0,6.7,0
0,4.5,0,0,-3.6,0
0,3.7,0,0,8.7,0
0,3.7,0,0,8.7,0
109,7.2,3.8,0,26.5,725.04
0,2.5,0,0,6.7,0
55,4.7,24.6,0,18.5,2138.97
0,4.5,0,0,-2.8,0
68,1.7,12.7,163,-0.3,156.523
128,4.7,24.6,0,18.5,2138.97
43,4.2,29.5,0,25.4,3147.06
0,4.7,0,0,6.4,0
0,6.4,0,0,-4.8,0
0,4.7,0,0,6.4,0
0,2.5,0,0,6.7,0
129,3.7,14.2,0,22.6,1187.404
0,6.4,0,0,-4.8,0
34,5.3,2.5,58,-10.1,-75.825
38,5.7,40.6,0,20.2,4674.684
56,4.9,0,0,22.2,0
0,5.4,0,0,-2.8,0
90,4.7,20.8,0,33.7,3294.512
81,2.9,0,0,30.1,0
44,4.7,20.8,0,33.7,3294.512
0,4.5,0,0,-2.8,0
179,7.8,18.5,0,26.1,3766.23
0,6.4,0,0,-4.8,0
0,4.7,0,0,6.4,0
38,5.3,9.7,0,28.7,1475.467
41,4.1,26.2,0,27.2,2921.824
0,5.4,0,0,-2.8,0
0,6.4,0,0,-4.8,0
59,4.7,20.8,0,33.7,3294.512
0,3.3,0.3,0,2.2,2.178
32,4.9,6.4,0,21.4,671.104
0,6.4,0,0,-4.8,0
0,2.5,0,0,6.7,0
0,2.5,0,0,6.7,0
83,4.8,12.2,0,16.2,948.672
0,4.7,0,0,6.4,0
0,4.5,0,0,-3.6,0
71,10.3,10.7,0,21.8,2402.578
152,6.5,81.3,0,28.3,14955.135
51,7.2,3.8,0,26.5,725.04
0,2.5,0,0,6.7,0
39,7.6,2.5,25,-2.1,-14.9
50,4.9,0,0,22.2,0
0,4.5,0,0,-3.6,0
0,4.5,0,0,-3.6,0
0,4.7,0,0,6.4,0
0,2.5,0,0,6.7,0
40,4.7,24.6,0,18.5,2138.97
59,10.3,10.7,0,21.8,2402.578
0,2.9,4.8,0,3.6,50.112
0,5.4,0,0,-2.8,0
0,4.5,0,0,-3.6,0
30,8,4.1,0,27.2,892.16
0,5.2,0,0,-2.9,0
0,4.5,0,0,-2.8,0
0,3.7,0,0,8.7,0
0,2.5,0,0,6.7,0
40,5.1,21.3,0,28.6,3106.818
67,3.4,3,0,28,285.6
0,4.7,0,0,6.4,0
0,2.5,0,0,6.7,0
0,4.5,0,0,-3.6,0
32,2.2,10.9,0,24.3,582.714
0,2.5,0,0,6.7,0
0,3.9,0,0,-2.1,0
46,3,46.2,0,23.4,3243.24
66,2.5,29.2,0,24.4,1781.2
81,7.1,3,0,22.6,481.38
0,3.3,0.3,0,2.2,2.178
51,4.2,3.3,30,-11.3,-126.618
0,2.5,0,0,6.7,0
0,3.9,0,0,-2.1,0
62,4.7,24.6,0,18.5,2138.97
0,2.5,0,0,6.7,0
40,3,0.3,3,-6.3,-2.67
0,6.4,0,0,-4.8,0
0,4.7,0,0,6.4,0
153,5.2,23.9,0,25.8,3206.424
0,4.5,0,0,-2.8,0
0,2.5,0,0,6.7,0
77,4.7,20.8,0,33.7,3294.512
0,4.5,0,0,-2.8,0
0,4.7,0,0,6.4,0
37,1.7,12.7,163,-0.3,156.523
0,2.5,0,0,6.7,0
109,6.5,81.3,0,28.3,14955.135
0,4.5,0,0,-2.8,0
0,5.4,0,0,-2.8,0
47,3.6,10.2,0,26.3,965.736
0,3.9,0,0,-2.1,0
69,4,22.1,0,25.2,2227.68
37,3.1,4.6,0,16.8,239.568
35,4.9,6.4,0,21.4,671.104
0,4.5,0,0,-2.8,0
53,4.3,2.8,79,-14.9,-100.396
0,4.5,0,0,-2.8,0
258,8,4.1,0,27.2,892.16
0,2.5,0,0,6.7,0
0,3.7,0,0,8.7,0
0,3.7,0,0,8.7,0
55,3,46.2,0,23.4,3243.24
40,5.1,0.8,0,29.8,121.584
0,6.4,0,0,-4.8,0
0,3.7,0,0,8.7,0
65,5.1,21.3,0,28.6,3106.818
49,4.7,24.6,0,18.5,2138.97
90,5.1,0.8,0,29.8,121.584
199,4.6,1.5,0,25.4,175.26
0,4.7,0,0,6.4,0
34,2.6,0,0,31.4,0
0,2.5,0,0,6.7,0
52,3,8.9,0,31.3,835.71
56,3,46.2,0,23.4,3243.24
0,2.5,0,0,6.7,0
110,2.9,3.6,0,25.7,268.308
0,2.5,0,0,6.7,0
0,4.5,0,0,-3.6,0
0,2.5,0,0,6.7,0
31,4.2,3.3,30,-11.3,-126.618
0,5.4,0,0,-2.8,0
32,3,46.2,0,23.4,3243.24
0,4.5,0,0,-3.6,0
0,5.4,0,0,-2.8,0
0,3.9,0,0,-2.1,0
0,2.5,0,0,6.7,0
46,5.7,40.6,0,20.2,4674.684
108,3,46.2,0,23.4,3243.24
0,5.4,0,0,-2.8,0
0,4.7,0,0,6.4,0
0,3.7,0,0,8.7,0
0,5.4,0,0,-2.8,0
46,5.1,0.8,0,29.8,121.584
0,4.5,0,0,-2.8,0
0,3.3,0.3,0,2.2,2.178
0,3.9,0,0,-2.1,0
60,3,8.9,0,31.3,835.71
0,2.5,0,0,6.7,0
128,5.9,0,0,16.3,0
0,3.7,0,0,8.7,0
0,2.5,0,0,6.7,0
0,3.7,0,0,8.7,0
0,3.7,0,0,8.7,0
62,4.2,10.9,0,29.7,1359.666
51,8,4.1,0,27.2,892.16
0,6.4,0,0,-4.8,0
0,2.5,0,0,6.7,0
0,2.9,4.8,0,3.6,50.112
59,3,14,0,21.2,890.4
56,3.5,0,0,25.7,0
0,5.2,0,0,-2.9,0
201,4.7,24.6,0,18.5,2138.97
0,4.5,0,0,-2.8,0
31,3,46.2,0,23.4,3243.24
44,4.9,6.4,0,21.4,671.104
0,4.5,0,0,-2.8,0
0,4.7,0,0,6.4,0
50,5.1,21.3,0,28.6,3106.818
0,2.5,0,0,6.7,0
77,5.1,21.3,0,28.6,3106.818
0,4.5,0,0,-2.8,0
70,3,28.2,0,29.2,2470.32
64,3.6,10.2,0,26.3,965.736
0,5.2,0,0,-2.9,0
213,4.6,1.8,0,25.3,209.484
68,3.4,3,0,28,285.6
58,3,4.8,0,14.6,210.24
0,3.7,0,0,8.7,0
0,4.5,0,0,-2.8,0
0,2.5,0,0,6.7,0
45,5.2,0,0,-2.9,0
0,3.7,0,0,8.7,0
0,2.9,4.8,0,3.6,50.112
0,5.4,0,0,-2.8,0
75,3.4,3,0,28,285.6
53,4.7,24.6,0,18.5,2138.97
0,4.7,0,0,6.4,0
48,5.1,0.8,0,29.8,121.584
155,4.9,0,0,22.2,0
31,4.4,9.9,0,28.1,1224.036
0,4.7,0,0,6.4,0
0,4.7,0,0,6.4,0
86,6.9,20.6,0,20.1,2857.014
36,3,28.2,0,29.2,2470.32
55,3.1,19.1,0,24.9,1474.329
0,2.5,0,0,6.7,0
0,3.9,0,0,-2.1,0
116,6.5,81.3,0,28.3,14955.135
265,2.5,29.2,0,24.4,1781.2
177,2.5,29.2,0,24.4,1781.2
0,4.5,0,0,-3.6,0
78,5.1,0.8,0,29.8,121.584
0,5.4,0,0,-2.8,0
48,7.6,4.8,0,8.4,306.432
0,6.4,0,0,-4.8,0
0,3.9,0,0,-2.1,0
45,3.6,10.2,0,26.3,965.736
0,2.5,0,0,6.7,0
0,3.9,0,0,-2.1,0
0,2.5,0,0,6.7,0
62,2.3,0,0,22.4,0
0,2.5,0,0,6.7,0
91,3.7,3,0,25.4,281.94
0,4.5,0,0,-2.8,0
0,3.3,0.3,0,2.2,2.178
0,2.9,4.8,0,3.6,50.112
0,3.7,0,0,8.7,0
0,3.7,0,0,8.7,0
77,5.9,0,0,16.3,0
130,5.7,40.6,0,20.2,4674.684
278,4.6,1.8,0,25.3,209.484
0,5.2,0,0,-2.9,0
93,6.5,81.3,0,28.3,14955.135
0,3.3,0.3,0,2.2,2.178
0,3.3,0.3,0,2.2,2.178
16,5.2,0,0,-2.9,0
0,2.5,0,0,6.7,0
115,5.2,23.9,0,25.8,3206.424
0,4.7,0,0,6.4,0
0,3.9,0,0,-2.1,0
35,4.7,24.6,0,18.5,2138.97
0,4.7,0,0,6.4,0
0,3.3,0.3,0,2.2,2.178
93,4.2,10.9,0,29.7,1359.666
32,6.9,20.6,0,20.1,2857.014
0,4.5,0,0,-2.8,0
44,3.9,2,0,25.9,202.02
0,5.4,0,0,-2.8,0
0,4.5,0,0,-3.6,0
0,3.3,0.3,0,2.2,2.178
105,2.5,29.2,0,24.4,1781.2
0,5.4,0,0,-2.8,0
0,3.3,0.3,0,2.2,2.178
0,3.9,0,0,-2.1,0
0,2.9,4.8,0,3.6,50.112
0,6.4,0,0,-4.8,0
0,2.9,4.8,0,3.6,50.112
0,4.7,0,0,6.4,0
32,8.1,2,0,31.6,511.92
0,2.5,0,0,6.7,0
35,2.9,0,0,30.1,0
0,3.9,0,0,-2.1,0
57,3,0,0,-6.3,0
0,5.2,0,0,-2.9,0
63,3.4,3,0,28,285.6
0,3.7,0,0,8.7,0
0,3.7,0,0,8.7,0
49,2.1,2,0,27.4,115.08
41,3,14,0,21.2,890.4
0,4.5,0,0,-3.6,0
0,6.4,0,0,-4.8,0
0,4.7,0,0,6.4,0
0,2.5,0,0,6.7,0
0,3.7,0,0,8.7,0
96,4.2,29.5,0,25.4,3147.06
0,4.5,0,0,-2.8,0
49,5.1,21.3,0,28.6,3106.818
0,4.5,0,0,-3.6,0
60,5.9,0,0,16.3,0
0,2.5,0,0,6.7,0
98,4.6,3,43,-6.4,-45.32
134,3.7,3,0,25.4,281.94
290,5.1,21.3,0,28.6,3106.818
35,6.5,81.3,0,28.3,14955.135
45,4,22.1,0,25.2,2227.68
111,3.5,53.3,0,25.3,4719.715
46,2.9,3.6,0,25.7,268.308
0,3.7,0,0,8.7,0
45,4.2,10.9,0,29.7,1359.666
49,1.7,12.7,163,-0.3,156.523
0,4.5,0,0,-3.6,0
0,2.9,4.8,0,3.6,50.112
0,5.2,0,0,-2.9,0
0,3.7,0,0,8.7,0
147,7.8,18.5,0,26.1,3766.23
0,5.4,0,0,-2.8,0
0,6.4,0,0,-4.8,0
0,4.7,0,0,6.4,0
42,6.9,20.6,0,20.1,2857.014
0,2.9,4.8,0,3.6,50.112
55,3,8.9,0,31.3,835.71
0,2.5,0,0,6.7,0
36,3.6,10.2,0,26.3,965.736
0,3.9,0,0,-2.1,0
0,3.9,0,0,-2.1,0
0,3.7,0,0,8.7,0
0,4.5,0,0,-3.6,0
0,5.2,0,0,-2.9,0
0,6.4,0,0,-4.8,0
42,8,4.1,0,27.2,892.16
0,4.7,0,0,6.4,0
75,3.5,53.3,0,25.3,4719.715
109,7.7,9.9,0,15.4,1173.942
93,4.6,1.8,0,25.3,209.484
30,3.9,3,69,-6.6,-8.22
0,4.5,0,0,-3.6,0
34,5.1,0.8,0,29.8,121.584
0,3.9,0,0,-2.1,0
34,4.7,24.6,0,18.5,2138.97
0,4.7,0,0,6.4,0
93,7.9,0,0,-7.2,0
0,4.5,0,0,-2.8,0
35,5.1,0.8,0,29.8,121.584
46,4.2,10.9,0,29.7,1359.666
0,5.2,0,0,-2.9,0
0,5.2,0,0,-2.9,0
0,3.9,0,0,-2.1,0
68,2.9,3.6,0,25.7,268.308
76,2.5,29.2,0,24.4,1781.2
92,4.2,10.9,0,29.7,1359.666
0,2.5,0,0,6.7,0
45,1.9,4.8,0,24.2,220.704
0,2.5,0,0,6.7,0
122,3,28.2,0,29.2,2470.32
0,4.5,0,0,-3.6,0
0,3.9,0,0,-2.1,0
103,5.1,0.8,0,29.8,121.584
95,3,46.2,0,23.4,3243.24
38,8,4.1,0,27.2,892.16
0,2.5,0,0,6.7,0
0,3.7,0,0,8.7,0
138,6.9,20.6,0,20.1,2857.014
0,2.5,0,0,6.7,0
116,4,0,0,1.9,0
0,5.4,0,0,-2.8,0
87,5.2,23.9,0,25.8,3206.424
32,4.2,0,3,-14.1,3
0,3.7,0,0,8.7,0
0,6.4,0,0,-4.8,0
32,3,0.3,3,-6.3,-2.67
67,8,4.1,0,27.2,892.16
64,5.4,4.8,0,21.2,549.504
206,3.5,53.3,0,25.3,4719.715
0,4.7,0,0,6.4,0
184,4.7,24.6,0,18.5,2138.97
113,4.7,20.8,0,33.7,3294.512
0,4.5,0,0,-2.8,0
0,2.5,0,0,6.7,0
0,5.4,0,0,-2.8,0
0,4.5,0,0,-3.6,0
30,2.9,3.6,0,25.7,268.308
0,4.7,0,0,6.4,0
0,3.3,0.3,0,2.2,2.178
35,8.1,2,0,31.6,511.92
94,7.2,3.8,0,26.5,725.04
0,4.7,0,0,6.4,0
0,3.9,0,0,-2.1,0
108,3,28.2,0,29.2,2470.32
0,4.5,0,0,-3.6,0
104,3,14,0,21.2,890.4
45,3.1,19.1,0,24.9,1474.329
57,2.5,29.2,0,24.4,1781.2
0,2.5,0,0,6.7,0
0,4.7,0,0,6.4,0
69,3.1,19.1,0,24.9,1474.329
0,3.7,0,0,8.7,0
0,5.4,0,0,-2.8,0
0,4.5,0,0,-3.6,0
512,7.8,18.5,0,26.1,3766.23
0,4.7,0,0,6.4,0
0,4.5,0,0,-3.6,0
65,5.9,0,0,16.3,0
0,3.7,0,0,8.7,0
0,4.7,0,0,6.4,0
0,3.3,0.3,0,2.2,2.178
0,3.3,0.3,0,2.2,2.178
0,2.5,0,0,6.7,0
0,3.3,0.3,0,2.2,2.178
0,2.5,0,0,6.7,0
81,4.2,10.9,0,29.7,1359.666
53,8,4.1,0,27.2,892.16
0,4.5,0,0,-3.6,0
203,5.2,23.9,0,25.8,3206.424
37,4.6,3,43,-6.4,-45.32
0,2.5,0,0,6.7,0
0,2.5,0,0,6.7,0
56,7.3,0.3,3,-10,-18.9
0,5.4,0,0,-2.8,0
61,10.2,3.8,43,1.6,105.016
0,4.7,0,0,6.4,0
0,2.5,0,0,6.7,0
0,4.5,0,0,-2.8,0
57,5.9,0,0,16.3,0
0,3.3,0.3,0,2.2,2.178
0,2.5,0,0,6.7,0
72,2.9,3.6,0,25.7,268.308
0,3.3,0.3,0,2.2,2.178
35,4.7,20.8,0,33.7,3294.512
36,3.4,3,0,28,285.6
0,4.5,0,0,-3.6,0
0,3.7,0,0,8.7,0
55,10.3,10.7,0,21.8,2402.578
107,4.7,20.8,0,33.7,3294.512
0,4.7,0,0,6.4,0
49,6.5,81.3,0,28.3,14955.135
0,3.9,0,0,-2.1,0
35,7.6,4.8,0,8.4,306.432
0,3.7,0,0,8.7,0
0,4.7,0,0,6.4,0
0,2.5,0,0,6.7,0
41,5.3,9.7,0,28.7,1475.467
0,4.5,0,0,-2.8,0
0,5.2,0,0,-2.9,0
0,4.5,0,0,-3.6,0
136,3.5,53.3,0,25.3,4719.715
0,3.7,0,0,8.7,0
0,5.2,0,0,-2.9,0
56,8,4.1,0,27.2,892.16
0,2.5,0,0,6.7,0
43,3,46.2,0,23.4,3243.24
0,2.5,0,0,6.7,0
42,3.7,14.2,0,22.6,1187.404
0,3.7,0,0,8.7,0
85,8,4.1,0,27.2,892.16
0,4.5,0,0,-3.6,0
33,5.3,9.7,0,28.7,1475.467
69,5.6,0.3,0,7.8,13.104
330,2.6,0,0,31.4,0
0,3.9,0,0,-2.1,0
38,3,28.2,0,29.2,2470.32
66,5.9,0,0,16.3,0
50,8,4.1,0,27.2,892.16
172,2.9,3.6,0,25.7,268.308
40,5.1,20.1,0,1.4,143.514
128,3.6,10.2,0,26.3,965.736
43,6.9,20.6,0,20.1,2857.014
0,3.7,0,0,8.7,0
175,5.2,23.9,0,25.8,3206.424
0,3.9,0,0,-2.1,0
36,8,4.1,0,27.2,892.16
0,2.5,0,0,6.7,0
44,2.6,16.8,0,24.9,1087.632
208,5.1,21.3,0,28.6,3106.818
0,4.5,0,0,-2.8,0
0,3.3,0.3,0,2.2,2.178
0,2.5,0,0,6.7,0
0,2.5,0,0,6.7,0
59,2.9,0,0,30.1,0
32,2.4,0,0,25.1,0
76,6.5,81.3,0,28.3,14955.135
34,5.4,13,0,7.3,512.46
0,3.7,0,0,8.7,0
0,3.9,0,0,-2.1,0
0,5.2,0,0,-2.9,0
51,7.6,4.8,0,8.4,306.432
51,3.1,19.1,0,24.9,1474.329
0,3.9,0,0,-2.1,0
0,3.7,0,0,8.7,0
31,2.5,29.2,0,24.4,1781.2
0,5.2,0,0,-2.9,0
0,4.7,0,0,6.4,0
0,2.5,0,0,6.7,0
0,4.7,0,0,6.4,0
0,3.7,0,0,8.7,0
0,4.5,0,0,-3.6,0
0,4.7,0,0,6.4,0
0,2.9,4.8,0,3.6,50.112
31,1.6,1.3,23,-8.5,5.32
0,6.4,0,0,-4.8,0
0,3.7,0,0,8.7,0
0,5.2,0,0,-2.9,0
0,3.3,0.3,0,2.2,2.178
50,3.6,10.2,0,26.3,965.736
0,4.5,0,0,-3.6,0
0,4.7,0,0,6.4,0
0,3.7,0,0,8.7,0
8,4.5,0,0,-2.8,0
67,7.2,3.8,0,26.5,725.04
0,4.7,0,0,6.4,0
0,5.2,0,0,-2.9,0
0,3.7,0,0,8.7,0
0,4.7,0,0,6.4,0
0,4.5,0,0,-3.6,0
0,3.7,0,0,8.7,0
54,4.6,1.5,0,25.4,175.26
0,3.7,0,0,8.7,0
32,7.6,2.5,25,-2.1,-14.9
56,3.6,10.2,0,26.3,965.736
0,4.7,0,0,6.4,0
0,3.9,0,0,-2.1,0
0,5.2,0,0,-2.9,0
137,3.7,14.2,0,22.6,1187.404
41,5.3,9.7,0,28.7,1475.467
46,6.9,20.6,0,20.1,2857.014
0,3.3,0.3,0,2.2,2.178
0,2.5,0,0,6.7,0
0,6.4,0,0,-4.8,0
0,3.7,0,0,8.7,0
33,4.3,2.8,79,-14.9,-100.396
98,4.2,10.9,0,29.7,1359.666
0,4.7,0,0,6.4,0
0,5.4,0,0,-2.8,0
0,4.5,0,0,-3.6,0
0,3.9,0,0,-2.1,0
137,7.6,4.8,0,8.4,306.432
0,3.7,0,0,8.7,0
0,2.5,0,0,6.7,0
0,6.4,0,0,-4.8,0
31,5.1,21.3,0,28.6,3106.818
94,7.1,3,0,22.6,481.38
10,5.2,0,0,-2.9,0
0,5.2,0,0,-2.9,0
61,3.5,53.3,0,25.3,4719.715
175,4.2,29.5,0,25.4,3147.06
48,5.7,40.6,0,20.2,4674.684
243,2.6,16.8,0,24.9,1087.632
0,3.7,0,0,8.7,0
154,1.7,12.7,163,-0.3,156.523
104,1.8,0,0,7.8,0
0,4.7,0,0,6.4,0
33,1.7,12.7,163,-0.3,156.523
234,3.5,53.3,0,25.3,4719.715
59,4.2,10.9,0,29.7,1359.666
47,10.3,10.7,0,21.8,2402.578
94,4.2,10.9,0,29.7,1359.666
73,5.1,0.8,0,29.8,121.584
0,5.4,0,0,-2.8,0
0,2.9,4.8,0,3.6,50.112
0,5.4,0,0,-2.8,0
95,4.7,24.6,0,18.5,2138.97
0,3.9,0,0,-2.1,0
0,5.4,0,0,-2.8,0
93,4.2,10.9,0,29.7,1359.666
0,2.5,0,0,6.7,0
0,4.5,0,0,-3.6,0
0,3.3,0.3,0,2.2,2.178
40,3.6,0,0,28.7,0
40,2.6,26.7,0,24.9,1728.558
68,3,28.2,0,29.2,2470.32
0,4.5,0,0,-3.6,0
0,4.7,0,0,6.4,0
48,4.7,24.6,0,18.5,2138.97
0,3.3,0.3,0,2.2,2.178
0,5.2,0,0,-2.9,0
105,4.7,24.6,0,18.5,2138.97
0,5.4,0,0,-2.8,0
0,3.7,0,0,8.7,0
47,4.2,3.3,30,-11.3,-126.618
33,4.3,2.8,79,-14.9,-100.396
59,7.1,3,0,22.6,481.38
53,2.9,0,0,30.1,0
0,3.7,0,0,8.7,0
0,2.5,0,0,6.7,0
0,2.5,0,0,6.7,0
0,4.7,0,0,6.4,0
159,3,46.2,0,23.4,3243.24
214,3,46.2,0,23.4,3243.24
41,5.9,14.7,0,21.7,1882.041
69,8,4.1,0,27.2,892.16
0,3.9,0,0,-2.1,0
176,6.5,81.3,0,28.3,14955.135
0,2.5,0,0,6.7,0
157,4.2,29.5,0,25.4,3147.06
121,7.8,18.5,0,26.1,3766.23
0,3.7,0,0,8.7,0
0,2.5,0,0,6.7,0
77,4.7,20.8,0,33.7,3294.512
0,3.3,0.3,0,2.2,2.178
62,3,46.2,0,23.4,3243.24
0,2.9,4.8,0,3.6,50.112
0,5.4,0,0,-2.8,0
0,2.9,4.8,0,3.6,50.112
30,3,46.2,0,23.4,3243.24
48,10.2,3.8,43,1.6,105.016
0,4.7,0,0,6.4,0
0,5.4,0,0,-2.8,0
0,2.5,0,0,6.7,0
0,4.5,0,0,-2.8,0
99,5.1,0.8,0,29.8,121.584
0,3.3,0.3,0,2.2,2.178
30,3.5,0,0,21.3,0
113,7.2,3.8,0,26.5,725.04
117,4.7,24.6,0,18.5,2138.97
0,4.7,0,0,6.4,0
40,2.6,0,0,31.4,0
0,5.2,0,0,-2.9,0
120,3.7,14.2,0,22.6,1187.404
63,3,8.9,0,31.3,835.71
0,2.5,0,0,6.7,0
0,2.5,0,0,6.7,0
0,6.4,0,0,-4.8,0
0,3.7,0,0,8.7,0
0,2.5,0,0,6.7,0
39,4.2,29.5,0,25.4,3147.06
0,3.9,0,0,-2.1,0
33,4.6,3,43,-6.4,-45.32
0,3.3,0.3,0,2.2,2.178
44,7.6,4.8,0,8.4,306.432
0,2.5,0,0,6.7,0
44,4.7,24.6,0,18.5,2138.97
0,4.7,0,0,6.4,0
36,5.1,0.8,0,29.8,121.584
236,2.8,24.4,0,26.6,1817.312
46,7.6,4.8,0,8.4,306.432
0,4.7,0,0,6.4,0
0,6.4,0,0,-4.8,0
0,5.2,0,0,-2.9,0
0,4.7,0,0,6.4,0
0,4.5,0,0,-2.8,0
0,4.5,0,0,-3.6,0
0,4.7,0,0,6.4,0
3,5.2,0,0,-2.9,0
266,1.7,12.7,163,-0.3,156.523
31,4.9,6.4,0,21.4,671.104
128,2.8,0,0,-2.3,0
0,4.5,0,0,-2.8,0
0,3.7,0,0,8.7,0
142,7.2,3.8,0,26.5,725.04
37,6.9,20.6,0,20.1,2857.014
61,4.7,20.8,0,33.7,3294.512
154,5.9,0,0,16.3,0
128,10.3,10.7,0,21.8,2402.578
100,4.7,20.8,0,33.7,3294.512
0,2.5,0,0,6.7,0
39,4.7,24.6,0,18.5,2138.97
0,6.4,0,0,-4.8,0
0,4.5,0,0,-2.8,0
0,5.2,0,0,-2.9,0
0,4.7,0,0,6.4,0
140,4.7,24.6,0,18.5,2138.97
0,4.7,0,0,6.4,0
115,2.9,3.6,0,25.7,268.308
0,3.7,0,0,8.7,0
67,4.7,24.6,0,18.5,2138.97
61,3.6,10.2,0,26.3,965.736
121,2.5,29.2,0,24.4,1781.2
0,5.2,0,0,-2.9,0
1,5.2,0,0,-2.9,0
85,10.3,10.7,0,21.8,2402.578
30,3.9,3,69,-6.6,-8.22
51,8,4.1,0,27.2,892.16
0,4.7,0,0,6.4,0
0,3.3,0.3,0,2.2,2.178
32,3.4,3,0,28,285.6
0,6.4,0,0,-4.8,0
66,2.2,10.9,0,24.3,582.714
52,4.7,20.8,0,33.7,3294.512
150,7.8,18.5,0,26.1,3766.23
59,4.2,10.9,0,29.7,1359.666
44,6.3,2.5,18,2.7,60.525
0,4.7,0,0,6.4,0
300,2.6,0,0,31.4,0
204,3,8.9,0,31.3,835.71
0,3.9,0,0,-2.1,0
144,3,46.2,0,23.4,3243.24
245,3.5,53.3,0,25.3,4719.715
0,3.7,0,0,8.7,0
0,2.9,4.8,0,3.6,50.112
0,3.9,0,0,-2.1,0
30,2.9,3.6,0,25.7,268.308
0,4.7,0,0,6.4,0
0,2.5,0,0,6.7,0
82,7.2,3.8,0,26.5,725.04
0,4.7,0,0,6.4,0
0,2.5,0,0,6.7,0
0,4.5,0,0,-2.8,0
90,3.5,53.3,0,25.3,4719.715
80,3,8.9,0,31.3,835.71
0,5.2,0,0,-2.9,0
0,4.7,0,0,6.4,0
0,3.9,0,0,-2.1,0
81,2.2,10.9,0,24.3,582.714
0,4.7,0,0,6.4,0
59,2.5,29.2,0,24.4,1781.2
0,3.3,0.3,0,2.2,2.178
0,5.4,0,0,-2.8,0
0,3.3,0.3,0,2.2,2.178
33,6.9,20.6,0,20.1,2857.014
0,4.7,0,0,6.4,0
0,2.5,0,0,6.7,0
69,2.7,30.7,0,18.1,1500.309
0,2.5,0,0,6.7,0
0,3.3,0.3,0,2.2,2.178
159,5.1,21.3,0,28.6,3106.818
0,3.9,0,0,-2.1,0
102,4.7,20.8,0,33.7,3294.512
92,2.6,0,0,31.4,0
290,3,46.2,0,23.4,3243.24
30,4.2,3.3,30,-11.3,-126.618
0,4.7,0,0,6.4,0
0,6.4,0,0,-4.8,0
36,7.6,2.5,25,-2.1,-14.9
0,3.7,0,0,8.7,0
443,2.5,29.2,0,24.4,1781.2
0,3.7,0,0,8.7,0
58,3,28.2,0,29.2,2470.32
0,4.7,0,0,6.4,0
0,4.5,0,0,-2.8,0
0,3.7,0,0,8.7,0
0,5.4,0,0,-2.8,0
41,4.7,24.6,0,18.5,2138.97
32,5.7,40.6,0,20.2,4674.684
0,2.5,0,0,6.7,0
0,5.4,0,0,-2.8,0
0,2.5,0,0,6.7,0
0,3.3,0.3,0,2.2,2.178
161,3.6,0,0,30.7,0
66,3.4,3,0,28,285.6
49,5.7,40.6,0,20.2,4674.684
75,4,22.1,0,25.2,2227.68
0,4.5,0,0,-2.8,0
0,4.7,0,0,6.4,0
0,3.9,0,0,-2.1,0
0,4.7,0,0,6.4,0
42,3.7,14.2,0,22.6,1187.404
83,5.1,0,0,-10.2,0
0,3.3,0.3,0,2.2,2.178
32,3,8.9,0,31.3,835.71
0,2.9,4.8,0,3.6,50.112
43,7.6,4.8,0,8.4,306.432
0,6.4,0,0,-4.8,0
0,5.4,0,0,-2.8,0
0,6.4,0,0,-4.8,0
0,3.9,0,0,-2.1,0
0,5.4,0,0,-2.8,0
0,3.9,0,0,-2.1,0
0,4.7,0,0,6.4,0
45,4.7,24.6,0,18.5,2138.97
61,2.6,16.8,0,24.9,1087.632
104,7.2,3.8,0,26.5,725.04
